province,name,"number,",con,ndp,lib,grn,bq,oth,projected_winner,strategic_vote,confidence,turnout_2011
BC,Pitt Meadows--Maple Ridge,59022,0.36125475811414076,0.33862843316556573,0.23990468636103482,0.06021212235925867,0,0.0,CON,NDP,0.53605715869364157,0.597762494554055
BC,Langley--Aldergrove,59016,0.4882967695828262,0.18727278837177053,0.25277122181636014,0.07165922022904309,0,0,CON,LIB,0.82692983858144875,0.6220095027100837
BC,South Surrey--White Rock,59030,0.35516302876836287,0.16547209807787755,0.411851358168403,0.06460540627776255,0,0.0029081087075940046,LIB,LIB,0.58969221734452626,0.6546777185253884
NS,West Nova,12011,0.24213757382665002,0.08581220480055823,0.619736502059675,0.05231371931311676,0,0,LIB,LIB,0.9345287590527982,0.6322529365009273
BC,Courtenay--Alberni,59009,0.3400806289871018,0.3115048944236925,0.20515301890496407,0.13152460397885551,0,0.01173685370538613,CON,NDP,0.54550117331125891,0.6688506656735872
BC,Mission--Matsqui--Fraser Canyon,59017,0.44680825653492595,0.2601529722415553,0.22539996875906562,0.06763880246445303,0,0,CON,NDP,0.77235385714800286,0.5751607167282178
QC,Hochelaga,24028,0.08573896118553492,0.332713958310098,0.2682874165844056,0.025730651910501365,0.28752901200946024,0,NDP,NDP,0.57171408552372949,0.5806328678206137
QC,Mégantic--L'Érable,24047,0.5463919956714258,0.167073346113142,0.12458666321251612,0.02057344091944215,0.14137455408347394,0,CON,NDP,0.93540131560826434,0.6336583936717867
QC,Manicouagan,24046,0.16136141286846958,0.34954289917322506,0.1365847726019987,0.04091378344728577,0.31159713190902105,0,NDP,NDP,0.56032098183082935,0.5145389788161497
QC,Louis-Saint-Laurent,24045,0.4400799131867799,0.2670160538007926,0.14212914744339872,0.02162555490049137,0.1291493306685374,0,CON,NDP,0.75561153514343005,0.6528517724117253
QC,Louis-Hébert,24044,0.24261575692336348,0.24624141153339718,0.28287731574437325,0.021931756284524942,0.2063337595143412,0,LIB,LIB,0.55825386985917935,0.7307683006456918
QC,Longueuil--Saint-Hubert,24043,0.10762178481222649,0.3512392455123808,0.25246123889954986,0.0325625858045822,0.2561151449712607,0,NDP,NDP,0.64821151662975363,0.6366637244114481
QC,Lévis--Lotbinière,24042,0.4689115771850752,0.25864828228722647,0.1136866351882282,0.024604918878157075,0.13414858646131322,0,CON,NDP,0.7998409285030712,0.6808942598187311
QC,Longueuil--Charles-LeMoyne,24041,0.11244592963046005,0.27087105812377876,0.36050106210626315,0.032413020121653924,0.223768930017844,0,LIB,LIB,0.64002290423501562,0.5710776048942627
QC,Laval--Les Îles,24040,0.1684937831526816,0.2883907505940981,0.4140805122869222,0.023493633055600833,0.10554132091069725,0,LIB,LIB,0.69243315504382053,0.5802409763832747
BC,Abbotsford,59001,0.4875298609588817,0.18309427632162623,0.2710224218549435,0.058353440864548405,0,0,CON,LIB,0.80676307805468306,0.5880497221960637
BC,Esquimalt--Saanich--Sooke,59026,0.216511936107036,0.3388294267391421,0.23347715308901676,0.1894911653161016,0,0.021690318748703544,NDP,NDP,0.66327181036955163,0.6636755540977461
QC,Montarville,24049,0.11513980527565687,0.2962276694981817,0.2839223999220319,0.0283626238478259,0.2558090497044298,0.02053845175187393,NDP,NDP,0.51962844321700186,0.7275986163030742
QC,Mirabel,24048,0.12334140881032961,0.32677141410106436,0.24156573767915288,0.0355100812715351,0.2691712576587592,0.00364010047915891,NDP,NDP,0.59110976253010761,0.6238946773706132
AB,Edmonton Griesbach,48015,0.3573117711220316,0.3706335167375595,0.24322552947271925,0.028829182667689586,0,0.0,NDP,NDP,0.52124837402174962,0.5026753627046453
BC,New Westminster--Burnaby,59019,0.27265834029168934,0.42445270493328996,0.2500787986649816,0.05281015611003914,0,0,NDP,NDP,0.72813342503566636,0.5696892958020844
MB,Winnipeg North,46012,0.15041661657021635,0.1856915316262071,0.6477370335355509,0.015946817080060495,0,0.00020800118796515646,LIB,LIB,0.96771199132063179,0.49224748966331955
BC,Richmond Centre,59025,0.3713311890599375,0.14061615065618638,0.4339826330030653,0.0540700272808109,0,0,LIB,LIB,0.59894054210998271,0.521163373906661
AB,Lethbridge,48026,0.5370132027328944,0.2418873133595118,0.1762308489086653,0.04230712542215824,0,0.0025615095767701087,CON,NDP,0.88110000180922221,0.5383036041219856
MB,Winnipeg South,46013,0.28191611649375675,0.1780541928792597,0.4975279175819867,0.04146469826714729,0,0.00103707477784948,LIB,LIB,0.80577926297907554,0.6757120698177851
NB,Madawaska--Restigouche,13005,0.21347309340808177,0.12547664619853235,0.6007189227429467,0.02601746614878398,0,0.03431387150165513,LIB,LIB,0.93930713476228089,0.6871341673361644
NB,Fundy Royal,13004,0.4031951977116965,0.24213827420472678,0.2577355436761617,0.0966068679075902,0,0.00032411649982485154,CON,LIB,0.71966230480383042,0.6422745660968289
NB,Moncton--Riverview--Dieppe,13007,0.19024439937316104,0.19514147725313344,0.5512255838231603,0.0633885395505451,0,0,LIB,LIB,0.922825446141466,0.6421847208364062
NB,Miramichi--Grand Lake,13006,0.3117665164257179,0.17891346337720432,0.4618965906453291,0.046787778528156944,0,0.0006356510235916683,LIB,LIB,0.72592023090357349,0.7002475950805699
NB,Acadie--Bathurst,13001,0.11121954274654383,0.577401310944485,0.31053934679335554,0.0008397995156157951,0,0,NDP,NDP,0.85711517606337095,0.6922451753997104
ON,Chatham-Kent--Leamington,35017,0.44221129568336937,0.18717831514431488,0.3382628801952329,0.03234750897708302,0,0.0,CON,LIB,0.66121950144584496,0.5871962723324512
NB,Fredericton,13003,0.3007841376728388,0.14232622962857355,0.4308816204373938,0.12558513116210984,0,0.0004228810990840718,LIB,LIB,0.69860408672819085,0.6390637877039723
NB,Beauséjour,13002,0.1657496608254849,0.15092735444424848,0.6221151896818049,0.0612077950484617,0,0,LIB,LIB,0.96603433842644004,0.7077109783420463
ON,Davenport,35018,0.10464951948669547,0.3794803396570733,0.4840280416050452,0.03184209925118616,0,0,LIB,LIB,0.6620961919981041,0.5877847663185771
ON,Don Valley East,35019,0.26053449648662175,0.12933684940411688,0.5851380965699939,0.02499055753926753,0,0,LIB,LIB,0.90292751330601861,0.5827879310059152
NB,Saint John--Rothesay,13009,0.3618257432428105,0.21642587293092724,0.36801548334800177,0.052946796156188254,0,0.0007861043220722863,LIB,LIB,0.50987638707269956,0.5759123736928916
NB,New Brunswick Southwest,13008,0.38318383111774834,0.2012088460554728,0.3135311587755229,0.10174910712361958,0,0.0003270569276363481,CON,LIB,0.60972819575370396,0.6421275850664384
AB,Edmonton West,48020,0.45648710499015155,0.1316702251472608,0.3843441159900033,0.027498553872584347,0,0.0,CON,LIB,0.61354552062213885,0.5408360941097198
BC,Prince George--Peace River--Northern Rockies,59024,0.504068157336461,0.2533213280445762,0.15446003410701903,0.08815048051194382,0,0,CON,NDP,0.84206650968844698,0.5334498692358768
AB,Calgary Shepard,48011,0.6109156702845554,0.1099796488327852,0.23473111351358436,0.04158855450083181,0,0.0027850128682433343,CON,LIB,0.9338043045543345,0.5362128495024033
QC,Montcalm,24050,0.10316242892102591,0.3971326722077358,0.13956829406336374,0.05560022902156219,0.3045363757863123,0,NDP,NDP,0.64445224485158958,0.5934835364479041
QC,Montmagny--L'Islet--Kamouraska--Rivière-du-Loup,24051,0.42526354783878734,0.24380383577981263,0.1288873638084265,0.021643809911064994,0.1804014426619086,0,CON,NDP,0.76603121580577527,0.6020716990211349
QC,Mount Royal,24052,0.276410419966362,0.09333939200783543,0.538347056942414,0.021795368005962705,0.07010776307742582,0.0,LIB,LIB,0.8526223023280608,0.5689821162878899
QC,Notre-Dame-de-Grâce--Westmount,24053,0.10206172940989862,0.25122349627474555,0.5003359713376088,0.08272815185558323,0.06275648313421968,0.0008941679879442308,LIB,LIB,0.84048420105976418,0.5820576346329378
QC,Outremont,24054,0.08687485698186877,0.33749026946631316,0.44390652144352816,0.03008845668548358,0.10149707523184051,0.0001428201909658419,LIB,LIB,0.66482401833810267,0.5968390149355832
QC,Papineau,24055,0.09605410375418451,0.2235878409688624,0.49335012883249585,0.014355988125811004,0.17202859680766075,0.0006233415109855645,LIB,LIB,0.85971709144639341,0.5975520833333333
QC,Pierrefonds--Dollard,24056,0.23908132585832242,0.17327478636023302,0.5141904772987498,0.03940821785473117,0.034045192627963676,0,LIB,LIB,0.86442903172955576,0.5873396357943914
QC,Pontiac,24057,0.19197381306347483,0.30153926078533766,0.399210964941148,0.028282660900063053,0.07899330030997648,0.0,LIB,LIB,0.65198562762924084,0.622916151372743
QC,Portneuf--Jacques-Cartier,24058,0,0.30368674468799695,0.155734593534799,0.03677159807209095,0.195369435048695,0.30843762865641805,OTH,OTH,0.5075808576496762,0.6470102228305772
QC,Québec,24059,0.21346030345250486,0.2920749672903005,0.20472479456924175,0.03249456443602619,0.2572453702519267,0,NDP,NDP,0.55540072003208807,0.6514749299129183
MB,Brandon--Souris,46001,0.5430139882495698,0.20990326151712432,0.16811503131359903,0.07896771891970686,0,0,CON,NDP,0.90864265466692729,0.5767884981811883
AB,Calgary Midnapore,48008,0.6532266491875177,0.10524414683788987,0.1950443042333741,0.04199831127881875,0,0.00448658846239966,CON,LIB,0.96657858707325628,0.6138975243225555
BC,Cloverdale--Langley City,59007,0.39077177423887444,0.20061875742416163,0.3484358844566182,0.05907706887736871,0,0.0010965150029770047,CON,LIB,0.56723679225786972,0.5781809244381634
BC,Saanich--Gulf Islands,59027,0.22867649423374267,0.09211615565767485,0.14261503313102078,0.5365923169775617,0,0,GRN,GRN,0.89096255606324504,0.7439317786617755
BC,Victoria,59041,0.15024494903580038,0.39082930843702346,0.3253104962216425,0.13361524630553379,0,0,NDP,NDP,0.60336828570832846,0.6731699164345404
BC,Chilliwack--Hope,59006,0.415249017383083,0.2263433944891571,0.28616630956318745,0.07224127856457249,0,0,CON,LIB,0.69718831688492622,0.5839270970306718
MB,Portage--Lisgar,46007,0.6411746255421512,0.08745915017816117,0.19564111162846848,0.0757251126512191,0,0,CON,LIB,0.96263631329996424,0.5887003103167311
BC,Central Okanagan--Similkameen--Nicola,59005,0.3808306691254704,0.22897849516663998,0.2718762391729995,0.11618080501340754,0,0.0021337915214823065,CON,LIB,0.66851550682119409,0.6137941423854777
ON,Brantford--Brant,35013,0.39116819061786195,0.23567361229998798,0.3338152938320445,0.03754513873947772,0,0.0017977645106278365,CON,LIB,0.59072548446987938,0.5972698096022899
MB,Kildonan--St. Paul,46006,0.47211396021254504,0.24572946857075179,0.24316116176701455,0.03453995059720612,0,0.004455458852482549,CON,NDP,0.81740977219596134,0.6134315859989952
BC,Kelowna--Lake Country,59014,0.4526417147086592,0.21060587925568147,0.3367524060356594,0.0,0,0,CON,LIB,0.67851750010911727,0.5958949704142011
BC,Cariboo--Prince George,59004,0.32796819676888384,0.33202232664037057,0.28848672281803794,0.047840411681944604,0,0.0036823420907630628,NDP,NDP,0.50646917172370598,0.5710644143013749
MB,Elmwood--Transcona,46005,0.33856900711281945,0.3391285934945613,0.28488861327214693,0.037413786120472324,0,0.0,NDP,NDP,0.50089296992319643,0.5591611767008023
NB,Tobique--Mactaquac,13010,0.4220904970074068,0.16532536462842815,0.3621095212394355,0.05022029157813748,0,0.00025432554659205196,CON,LIB,0.59480537499477482,0.6340166347710879
ON,Etobicoke--Lakeshore,35028,0.32584302851226987,0.14835366072611678,0.5002524233379603,0.02555088742365324,0,0.0,LIB,LIB,0.75729806302793445,0.62381769174222
ON,Etobicoke Centre,35027,0.3766479343919,0.07752413257916609,0.5135880306597554,0.02387157168367381,0,0.008368330685504768,LIB,LIB,0.70807177843770719,0.6476192790997254
ON,Essex,35026,0.37330288355071645,0.31998145451872295,0.2742111206413584,0.032504541289202195,0,0.0,CON,NDP,0.58444794294163727,0.5814182344428365
ON,Elgin--Middlesex--London,35025,0.49379401691866776,0.2025718930574797,0.2708945092523412,0.03273958077151127,0,0,CON,LIB,0.81369578694900091,0.6212820024140779
ON,Eglinton--Lawrence,35024,0.3554084394755984,0.12571042262675314,0.4919200275597201,0.0254150735633441,0,0.0015460367745843608,LIB,LIB,0.7074829623256994,0.6581567421996137
ON,Durham,35023,0.4479836014585812,0.19363074477477937,0.30610229073008355,0.052283363036556015,0,0,CON,LIB,0.71482130930759391,0.6130349935152302
ON,Dufferin--Caledon,35022,0.48689483235305353,0.10445354539287405,0.2544906755043417,0.1541609467497308,0,0,CON,LIB,0.82371519235273061,0.5982256176452467
ON,Don Valley West,35021,0.3156557556914011,0.09276761322572928,0.5611431074680584,0.03043352361481111,0,0.0,LIB,LIB,0.8369376132534162,0.6747100942286794
QC,Joliette,24031,0.12354862350470071,0.3444410742733984,0.14979202114945622,0.061181722924092734,0.3210365581483519,0,NDP,NDP,0.53729372037934175,0.6231198968629136
QC,Brossard--Saint-Lambert,24017,0.11907981569399018,0.2346818870286674,0.479134393522258,0.0193620740606067,0.14774182969447774,0,LIB,LIB,0.83591585430575666,0.6279934362340392
ON,Lanark--Frontenac--Kingston,35049,0.43940582422946234,0.15143388575480904,0.35830687924293675,0.045705235948399495,0,0.00514817482439234,CON,LIB,0.62718079286442108,0.6660030790465573
ON,Lambton--Kent--Middlesex,35048,0.4875942575842771,0.19447771643535608,0.2824894370748634,0.03543858890550334,0,0,CON,LIB,0.79401143649368344,0.642295140030865
ON,Kitchener Centre,35045,0.2848730312657531,0.2096959957027037,0.4650889641532225,0.039898052899583696,0,0.0004439559787370941,LIB,LIB,0.76450332037107449,0.6248354716479426
ON,Kingston and the Islands,35044,0.23159824841468743,0.20481677840503695,0.5300888841858604,0.03349608899441517,0,0.0,LIB,LIB,0.883753689771821,0.6295477029445439
ON,Kitchener South--Hespeler,35047,0.42017771452222763,0.17807990538953322,0.3616424031422477,0.03978629745686801,0,0.0003136794891235384,CON,LIB,0.59256233678113812,0.5889725427302832
ON,Kitchener--Conestoga,35046,0.38651171717802385,0.15377090411095792,0.4187123367569304,0.04008388920927122,0,0.0009211527448166112,LIB,LIB,0.55124302777239653,0.6306706963779577
ON,Kanata--Carleton,35041,0.39248898324592607,0.07883372078751705,0.49878568553406405,0.029891610432492905,0,0.0,LIB,LIB,0.66464975034381024,0.7067161895222992
ON,Huron--Bruce,35040,0.4496182806507346,0.19868186957947162,0.3181068239413715,0.02810019027988503,0,0.005492835548537196,CON,LIB,0.70057181659461598,0.6765487006798399
ON,King--Vaughan,35043,0.39567718101946564,0.08564669392824872,0.4980749742516675,0.020601150800618112,0,0,LIB,LIB,0.65894706339106657,0.5620575333342985
ON,Kenora,35042,0.3797143890929072,0.2381105412056495,0.34590115580840824,0.035495691777148945,0,0.0007782221158860462,CON,LIB,0.55379405152245265,0.5848796269863926
AB,Calgary Signal Hill,48012,0.42932083883159067,0.09071642137143565,0.4270300920754606,0.05293264772151315,0,0,CON,LIB,0.50365545178662219,0.5961688871213627
AB,Calgary Skyview,48013,0.3383586778256858,0.07015044413663248,0.5692293867801812,0.022261491257500647,0,0,LIB,LIB,0.82212217945217958,0.47960147168951256
MB,Churchill--Keewatinook Aski,46003,0.19917343250879743,0.32198533587305367,0.452692289797221,0.02614894182092778,0,0,LIB,LIB,0.69945295954278175,0.43192096149928705
BC,Burnaby North--Seymour,59002,0.3552188201797022,0.279035968353012,0.26187762615913196,0.09978323850119919,0,0.00408434680695468,CON,NDP,0.6197146364915328,0.6114406779661017
AB,Calgary Rocky Ridge,48010,0.5100099406378341,0.10195638549657131,0.3456837182394809,0.042349955626113725,0,0,CON,LIB,0.74450755343526287,0.6064215004612356
QC,Drummond,24025,0.19684197124980957,0.3652228156794412,0.19725620872261523,0.03202069802584868,0.20865830632228544,0,NDP,NDP,0.73442714736397119,0.6136128364389234
QC,Dorval--Lachine--LaSalle,24024,0.1308785691024167,0.21949848158809152,0.525816915700527,0.03854386409251498,0.08299637801031663,0.0022657915061332617,LIB,LIB,0.88976394979348017,0.5663232293066547
QC,Gatineau,24027,0.09551268258193636,0.42717914694597453,0.32106487943030965,0.016380137978594143,0.13986315306318528,0,NDP,NDP,0.66438374625833985,0.6269081405856923
QC,Gaspésie--Les Îles-de-la-Madeleine,24026,0.17880301532256188,0.19523333614984084,0.3316773241338439,0.03185246008312398,0.26243386431062954,0,LIB,LIB,0.60909990309101025,0.5281710142761044
QC,Châteauguay--Lacolle,24021,0.13891651716760195,0.35251078630033855,0.2078423721999922,0.02558036317283511,0.27514996115923224,0,NDP,NDP,0.62150783176999924,0.6360859268808766
QC,Beauport-Côte-de-Beaupré-Île d'Orléans-Charlevoix,24020,0.2646685487221879,0.2733848621242422,0.13240188867603292,0.0260414890839831,0.3035032113935539,0,BQ,BQ,0.54794592390249164,0.6293326573631828
QC,Compton--Stanstead,24023,0.13720251895352215,0.31908318477808517,0.2672593470377371,0.03556429238247994,0.24089065684817568,0,NDP,NDP,0.58211039765384076,0.6343048670141588
QC,Chicoutimi--Le Fjord,24022,0.3092975764979176,0.2604147141650014,0.1329215386104176,0.022321261214142973,0.2675018626194654,0.007543046893055211,CON,BQ,0.56638691305957911,0.6404232238122836
YT,Yukon,60001,0.27138453350682706,0.20298253234727015,0.479500474971433,0.0461324591744699,0,0.0,LIB,LIB,0.79742638882858463,0.6596688714514605
MB,Dauphin--Swan River--Neepawa,46004,0.5308675725615764,0.21205852833680627,0.1968423238129504,0.06023157528866697,0,0,CON,NDP,0.89888716994130025,0.5529341855908522
QC,Honoré-Mercier,24029,0.11152061145849015,0.19037523933311223,0.5504404864567758,0.01822012990776592,0.1294435328438559,0,LIB,LIB,0.92510321295190867,0.5823631377419021
NS,Sydney--Victoria,12010,0.1861127796310223,0.11894643575394835,0.6492301133663884,0.045710671248641054,0,0,LIB,LIB,0.96802077148757948,0.6102043841301734
AB,Edmonton Mill Woods,48017,0.37990748972347765,0.1452747865511963,0.4133113279030117,0.060574807441534186,0,0.0009315883807800843,LIB,LIB,0.55314662832966888,0.5258770303344953
ON,Hamilton West--Ancaster--Dundas,35038,0.26312044318357125,0.14881646591065398,0.5339050566273541,0.0527131516164307,0,0.0014448826619899641,LIB,LIB,0.86062651353661712,0.6572614517962149
ON,Hastings--Lennox and Addington,35039,0.4429324140696572,0.17209383313641088,0.33823996407254375,0.040853671046645064,0,0.005880117674742948,CON,LIB,0.6623078110160785,0.6167458908424489
MB,Saint Boniface--Saint Vital,46009,0.30799657478987136,0.18380494882987272,0.47208966554633314,0.03610881083392281,0,0.0,LIB,LIB,0.74420771595437685,0.6581612714127532
MB,Provencher,46008,0.5969179584420267,0.15581674003874524,0.20530884524867798,0.04195645627055018,0,0,CON,LIB,0.94137676268109871,0.6164805748300518
AB,Edmonton Centre,48014,0.3629645444914921,0.2729092716456616,0.3232608701139673,0.03594002806359655,0,0.004925285685282301,CON,LIB,0.5630925655793303,0.5757596002244729
ON,Flamborough--Glanbrook,35030,0.4706820835177547,0.13491543790536567,0.32288485258801936,0.070124472503655,0,0.0013931534852053256,CON,LIB,0.72280307832718771,0.6513670613562971
ON,Glengarry--Prescott--Russell,35031,0.34503514777201116,0.11254279703161131,0.5109746048163271,0.03144745038005044,0,0,LIB,LIB,0.74657733954267347,0.6751183522901937
ON,Guelph,35032,0.2586289240164516,0.17318707989018256,0.5058584108583905,0.061372972432402084,0,0.0009526128025732897,LIB,LIB,0.83864835562769469,0.6463379911516054
ON,Haldimand--Norfolk,35033,0.38303113581040216,0.1443153052775995,0.4410959480668258,0.031557610845172404,0,0,LIB,LIB,0.59183166920294294,0.624578373015873
ON,Haliburton--Kawartha Lakes--Brock,35034,0.5083034115704859,0.1795271550092926,0.2572639359567038,0.05490549746351764,0,0,CON,LIB,0.84234874513067948,0.6248614934716304
ON,Hamilton Centre,35035,0.23938720518692397,0.46868803331241077,0.28867746462976157,0.0032472968709036697,0,0,NDP,NDP,0.76425051635178343,0.5062950433887337
ON,Hamilton East--Stoney Creek,35036,0.3163574771185644,0.37876868704002703,0.27155692948560056,0.033316906355808036,0,0,NDP,NDP,0.59856899041906142,0.5704038155802862
ON,Hamilton Mountain,35037,0.27478977233369445,0.37573415047262,0.31659569877821697,0.02953959130373649,0,0.003340787111732103,NDP,NDP,0.59349852002751302,0.6071630918656414
ON,Etobicoke North,35029,0.21062700661209074,0.14396067040486848,0.6442822701558464,0.0011300528271944404,0,0,LIB,LIB,0.95859602611452899,0.5153024492734459
ON,Mississauga Centre,35058,0.30688865565880924,0.12788734982378205,0.5322500980605949,0.032973896456813714,0,0.0,LIB,LIB,0.81632432231200192,0.5561970546070637
ON,Mississauga East--Cooksville,35059,0.29943927881041577,0.11423058255003567,0.5679573852782018,0.018372753361346625,0,0.0,LIB,LIB,0.85860488900994603,0.565220723482526
ON,Markham--Unionville,35056,0.30642162452233207,0.1269946301698674,0.541228020519229,0.02535572478857162,0,0,LIB,LIB,0.82619253189539388,0.5495626414777968
ON,Milton,35057,0.40401025597774015,0.11373181531743998,0.45022853740230706,0.032029391302512866,0,0,LIB,LIB,0.57333572489547702,0.5996881423205046
ON,Markham--Stouffville,35054,0.3568258598500637,0.06025107211225709,0.564217143934614,0.016885364598159425,0,0.0018205595049057984,LIB,LIB,0.7966076524298763,0.6237771667283591
ON,Markham--Thornhill,35055,0.2910242685671985,0.12498821565879065,0.5576677152931159,0.026319800480894946,0,0,LIB,LIB,0.85691782867943389,0.5425876049192709
ON,London North Centre,35052,0.3071481516827811,0.15502784092317196,0.5021629760557675,0.035661031338279484,0,0.0,LIB,LIB,0.78232201356081144,0.6031760363878511
ON,London West,35053,0.3372334892721042,0.1689314480527005,0.45121194743890886,0.04262311523628633,0,0.0,LIB,LIB,0.67577402895867378,0.6677386865657976
ON,Leeds-Grenville-Thousand Islands and Rideau Lakes,35050,0.49782579961217077,0.14367824389532213,0.30647028365809287,0.052025672834414165,0,0,CON,LIB,0.77798987062183933,0.6421995650871779
ON,London--Fanshawe,35051,0.3004534469959233,0.4044410083821612,0.2632412019978987,0.031864342624016974,0,0,NDP,NDP,0.66127679434712583,0.5615297235895494
SK,Souris--Moose Mountain,47013,0.6215632524103443,0.16147591583673113,0.17383750927335578,0.043123322479568765,0,0,CON,LIB,0.96334556669777383,0.6204164734815651
SK,Saskatoon West,47012,0.31580408068389887,0.3133810388956196,0.3026031165323466,0.06821176388813499,0,0.0,CON,NDP,0.50386655472986486,0.584741207187836
SK,Saskatoon--University,47011,0.34201849367450093,0.33905789031916317,0.2893594870815742,0.029012889670275488,0,0.0005512392544861132,CON,NDP,0.50472432899002617,0.65685376026334
SK,Saskatoon--Grasswood,47010,0.4571851440606489,0.3109414898732866,0.19740061297045072,0.03309977904228432,0,0.001372974053329433,CON,NDP,0.72071760772267812,0.6848859947221536
SK,Yorkton--Melville,47014,0.5651437232306391,0.19079234547491852,0.2098477409679002,0.03277876572493624,0,0.0014374246016059108,CON,LIB,0.9223683522515187,0.6281430980133421
AB,Banff--Airdrie,48001,0.6445343453751259,0.11109649235659275,0.19685444260324747,0.04751471966503386,0,0,CON,LIB,0.96333084947644865,0.5973355161026278
AB,Bow River,48003,0.6997056157736332,0.10762904924604312,0.160353664781722,0.026894466636920716,0,0.005417203561680924,CON,LIB,0.9845130481478358,0.534987090717052
AB,Battle River--Crowfoot,48002,0.7741415371424218,0.10563582674970637,0.08417966625272004,0.029116830563540867,0,0.00692613929161101,CON,NDP,0.99625263267127107,0.6096962572038284
AB,Calgary Confederation,48005,0.3700401526638608,0.12252695738358724,0.45482211360958463,0.052610776342967236,0,0.0,LIB,LIB,0.63274328815557079,0.6146135967460779
AB,Calgary Centre,48004,0.3663352658145987,0.09928910973717596,0.46397763803287767,0.06854207719429424,0,0.0018559092210534756,LIB,LIB,0.65194225894622715,0.5411569643719728
AB,Calgary Heritage,48007,0.6350443527086471,0.11485376251386309,0.20981940901476578,0.03505601956554679,0,0.0052264561971773135,CON,LIB,0.95551909553013825,0.6061714463597805
AB,Calgary Forest Lawn,48006,0.4549279233692086,0.10481504226048773,0.40907869487149506,0.03117387151348671,0,4.467985321942791e-06,CON,LIB,0.57275670145892621,0.4355241088669326
PE,Egmont,11003,0.3054751767722667,0.08821011810701537,0.5787206562975089,0.027594048823209004,0,0,LIB,LIB,0.86279913055408952,0.7042320844210759
QC,LaSalle--Émard--Verdun,24037,0.11287183061520123,0.25579155412355065,0.4451773425571535,0.031150751447376394,0.15500852125671818,0.0,LIB,LIB,0.77563773879295805,0.5833024960309408
QC,La Prairie,24034,0.12603322648505288,0.30247872896323946,0.35541579687993663,0.02085868520377842,0.1952135624679926,0,LIB,LIB,0.58384828672866074,0.6623298508048171
QC,Lac-Saint-Jean,24035,0.5041668331046553,0.21961529211567998,0.06830886207407955,0.014784815201359169,0.1931241975042261,0.0,CON,NDP,0.87248279728271261,0.6361985117478174
QC,Jonquière,24032,0.4246681516755044,0.3070625469954042,0.07107597795961751,0.015383731590334534,0.18180959177913936,0.0,CON,NDP,0.68097337489925625,0.6526635330983157
QC,La Pointe-de-l'Île,24033,0.09853224811619744,0.3275964320748845,0.2555048345412411,0.027987400100931766,0.29037908516674515,0,NDP,NDP,0.55917165143365555,0.6007641802594827
QC,Hull--Aylmer,24030,0.11168594880836583,0.3706019417472171,0.4216238975016372,0.0256237616673293,0.0704644502754506,0,LIB,LIB,0.58085756504931763,0.6406146475714796
PE,Malpeque,11004,0.18699107595750883,0.088779034020067,0.6701180932167338,0.054111796805690324,0,0,LIB,LIB,0.97335158645820952,0.7539193104985512
NS,Halifax West,12006,0.15336552178087,0.18733069908608974,0.5965731594610004,0.0627306196720399,0,0,LIB,LIB,0.9491816143787023,0.6136461804270024
NS,Kings--Hants,12007,0.17947910529088568,0.12470281077042102,0.6417551473469396,0.05406293659175377,0,0,LIB,LIB,0.96777861368349039,0.6145512967638284
NS,Dartmouth--Cole Harbour,12004,0.1270671465470525,0.23830307285077243,0.5783505723105149,0.056279208291660214,0,0,LIB,LIB,0.91311509653729672,0.6100042978552316
NS,Halifax,12005,0.09953488459753705,0.36228536262447936,0.4676540830405843,0.0705256697373994,0,0,LIB,LIB,0.66329582535463516,0.6268536801252809
NS,Central Nova,12002,0.3292610087405253,0.16551671970382445,0.4282956385404643,0.076926633015186,0,0.0,LIB,LIB,0.6539985782490263,0.6483488992661774
NS,Cumberland--Colchester,12003,0.3331512029271311,0.07067343017859755,0.529748733544241,0.06566366589763005,0,0.0007629674524004035,LIB,LIB,0.7841805157780759,0.579234804072817
QC,Laurentides--Labelle,24038,0.10859013167471739,0.2923944595761453,0.2812820033447525,0.035953265251208996,0.2817801401531757,0,NDP,NDP,0.51693291575928835,0.6148981255093725
QC,Laurier--Sainte-Marie,24039,0.03675015215834602,0.36115824690496906,0.25747071401199784,0.03350831747734733,0.2939025559795734,0.01721001346776643,NDP,NDP,0.60604391734609864,0.6131637367252655
ON,York South--Weston,35120,0.16931129816745136,0.2679107495271396,0.5379859514712924,0.02479200083411665,0,0,LIB,LIB,0.85999587493600216,0.5148842176094557
ON,Humber River--Black Creek,35121,0.13690056540630013,0.16512919540088578,0.6853749880578982,0.01259525113491589,0,0,LIB,LIB,0.98128227674872426,0.4772594250301257
BC,Vancouver East,59035,0.13063616196522274,0.5245619513633097,0.24975774560174943,0.09504414106971819,0,0,NDP,NDP,0.86416324875285122,0.5408002347159571
ON,Don Valley North,35020,0.26156612126359025,0.14163604866243767,0.5839761989169248,0.012821631157047304,0,0,LIB,LIB,0.90141221357687829,0.574454682624555
AB,Foothills,48022,0.7329534620708779,0.11154016383845455,0.12091276955001808,0.034593604540649574,0,0.0,CON,LIB,0.99282066135602076,0.6170690923684035
AB,Red Deer--Lacombe,48030,0.7220235102997193,0.1382689852765274,0.10554210901122511,0.03416539541252833,0,0,CON,NDP,0.99022876239719915,0.5246680787312084
ON,Nickel Belt,35069,0.16171522125651464,0.4268680712321514,0.3723804035015486,0.03903630400978537,0,0.0,NDP,NDP,0.586266226840229,0.6192994515128986
ON,Niagara West,35068,0.4717103757818265,0.18863725431189118,0.29484324501165704,0.04453664798149237,0,0.00027247691313281894,CON,LIB,0.76036231649317032,0.6797468944823619
AB,St. Albert--Edmonton,48031,0.4147323137022382,0.1542272017889703,0.15389584306650664,0.028842115620249374,0,0.2483025258220355,CON,OTH,0.74720468505617355,0.5715429150769723
ON,Mississauga--Streetsville,35063,0.3170047845923801,0.09564223889896933,0.5531725500979762,0.03418042641067438,0,0.0,LIB,LIB,0.82758658241409544,0.5876140609511222
ON,Mississauga--Malton,35062,0.2742632071097585,0.14626219200585763,0.5350796752071507,0.03058556220423003,0,0.01380936347300298,LIB,LIB,0.85158741377107461,0.5249552196030666
ON,Mississauga--Lakeshore,35061,0.3526766088539768,0.09966968352552656,0.5277781144383004,0.019875593182196335,0,0.0,LIB,LIB,0.7581631118302824,0.6297098627202804
ON,Mississauga--Erin Mills,35060,0.3280928760746612,0.10092370302361992,0.5444182678017266,0.026565153099992137,0,0.0,LIB,LIB,0.80656335448294958,0.6097842632932654
ON,Niagara Falls,35067,0.42130001341602996,0.20670849799483626,0.33287835369685137,0.03911313489228246,0,0.0,CON,LIB,0.63821313157868331,0.5612626850773582
ON,Niagara Centre,35066,0.3430000992124882,0.34526038008338933,0.2811989233515924,0.02710703907029297,0,0.003433558282237109,NDP,NDP,0.50360683728157618,0.6060242919022831
ON,Newmarket--Aurora,35065,0.4159587806879633,0.11249140307544322,0.4277302611188608,0.04381955511773265,0,0,LIB,LIB,0.51877762613514977,0.6228067864481796
ON,Nepean,35064,0.3763287077862761,0.10957796012254402,0.4767477824342354,0.037345549656944595,0,0.0,LIB,LIB,0.6560388651190896,0.6960357220649096
NS,Sackville--Preston--Chezzetcook,12008,0.2058613645784592,0.46228369080833437,0.24973640272135258,0.0821185418918539,0,0,NDP,NDP,0.80239003414410748,0.5909111572439502
AB,Edmonton Riverbend,48018,0.44978005119351405,0.2360307187916386,0.28376424462907746,0.03042498538576978,0,0.0,CON,LIB,0.74667507740084349,0.5999001760783064
AB,Edmonton Strathcona,48019,0.3591370480036659,0.5352697305676132,0.0872876234542422,0.01616445557454686,0,0.0021411423999318437,NDP,NDP,0.75944884023222858,0.6639561699348148
SK,Regina--Qu'Appelle,47008,0.4653104232290146,0.3368533983012043,0.15042788991879594,0.04273319123853699,0,0.004675097312448192,CON,NDP,0.69631390993166042,0.6035039736805596
SK,Regina--Wascana,47009,0.175657037725218,0.09485741090905404,0.7099959164778364,0.01948963488789152,0,0,LIB,LIB,0.98371545664897908,0.6718356697962409
SK,Carlton Trail--Eagle Creek,47004,0.4671795430396675,0.30597497851909927,0.18270233726363627,0.03957088541509624,0,0.004572255762500617,CON,NDP,0.74047751573638254,0.6489323631158297
SK,Moose Jaw--Lake Centre--Lanigan,47005,0.4276345266977276,0.3459870483110652,0.18754932465221077,0.03858829635414145,0,0.00024080398485500323,CON,NDP,0.62801096329967454,0.6751442807470337
SK,Prince Albert,47006,0.5536716357385566,0.2913580132837899,0.12154831119278783,0.032737169462644496,0,0.0006848703222211155,CON,NDP,0.8529694970694871,0.6023819435645894
SK,Regina--Lewvan,47007,0.39734603158211196,0.2949170803242999,0.2679825810773409,0.03975430701624719,0,0.0,CON,NDP,0.65899278265287597,0.6695002172968275
AB,Edmonton Manning,48016,0.4594727680231403,0.24058843320370754,0.26298213840864926,0.02908241848215874,0,0.007874241882344231,CON,LIB,0.78405527696507726,0.48489792443996765
SK,Battlefords--Lloydminster,47001,0.6044939828047706,0.2465507707742463,0.10900087612274709,0.039954370298236064,0,0,CON,NDP,0.92389557988662641,0.560778062598281
SK,Cypress Hills--Grasslands,47002,0.5857306579120193,0.19324149279644426,0.18323275067477823,0.03779509861675834,0,0,CON,NDP,0.94178740282534679,0.6573630831643003
SK,Desnethé--Missinippi--Churchill River,47003,0.41384397634660786,0.385153409381505,0.16421773100206014,0.036784883269826915,0,0,CON,NDP,0.54568322135874969,0.49670974202470075
QC,Ahuntsic-Cartierville,24003,0.13970704306273185,0.2266390703507627,0.42823230443432014,0.031216026253070482,0.1731523662690892,0.0010531896300256468,LIB,LIB,0.78998607652771902,0.6195739472979692
QC,Abitibi--Témiscamingue,24002,0.1297557783641161,0.38366226912928764,0.1466811609498681,0.022600105540897093,0.3173006860158312,0,NDP,NDP,0.60466717613531096,0.588747882864086
QC,Abitibi--Baie-James--Nunavik--Eeyou,24001,0.26019233719538243,0.2958502581079231,0.22860444102281177,0.05501210502407686,0.16034085864980593,0,NDP,NDP,0.55670946331470283,0.5264659747021326
BC,Vancouver South,59040,0.2849299281630416,0.16428304403088087,0.4708436316353747,0.060267053182861095,0,0.019676342987841752,LIB,LIB,0.77145733363892499,0.5524929246703197
QC,Beauce,24007,0.5291136641342767,0.17899870540531454,0.21775318567982857,0.020566098876282995,0.053568345904297134,0,CON,LIB,0.89351532272972567,0.6234845943744309
QC,Avignon--La Mitis--Matane--Matapédia,24006,0.15060499475709646,0.1347732496804889,0.42784780030351754,0.025333831432136234,0.261440123826761,0,LIB,LIB,0.74717641260875756,0.5897531123346951
QC,Argenteuil--La Petite-Nation,24005,0.1937800946717459,0.294622205224879,0.27065083736775253,0.03291745553100097,0.203782070874329,0.0042473363302926665,NDP,NDP,0.53819423323526372,0.584585690515807
QC,Alfred-Pellan,24004,0.11585598325563638,0.24898326517339817,0.4316720600760781,0.019110965246767104,0.18068733295908937,0.0036903932890308896,LIB,LIB,0.76753564765856486,0.6490693693815114
QC,Bécancour--Nicolet--Saurel,24009,0.15196040628181468,0.23791658044122277,0.22394392303221147,0.043191597508671416,0.34298749273607965,0,BQ,BQ,0.6628608734365149,0.6434467589597619
QC,Beauport--Limoilou,24008,0.3191239350430138,0.3215488976060692,0.13989051881982986,0.02726835593148192,0.19216829259960536,0,NDP,NDP,0.5038696196988659,0.6182798492919319
ON,Brampton North,35010,0.35462455666081866,0.15706425577575964,0.47443312948016225,0.013878058083259436,0,0.0,LIB,LIB,0.68411401911746972,0.5818110075117645
BC,North Vancouver,59021,0.3137120242673406,0.10855512610025142,0.45318053147870957,0.11926956300297141,0,0.005282755150726966,LIB,LIB,0.71153479641330875,0.6557684786859601
ON,Brampton South,35011,0.3178571515405572,0.10526208586525168,0.5529179621444301,0.01875059108124183,0,0.005212209368519123,LIB,LIB,0.82645359722640022,0.5560298992931757
BC,Nanaimo--Ladysmith,59018,0.26393435881446975,0.304449723526872,0.2155281437068052,0.21264097923064393,0,0.0034467947212089983,NDP,NDP,0.56437127184772262,0.6363356866317468
ON,York--Simcoe,35119,0.5559801564143549,0.16178028102883546,0.22225081207217828,0.05998875048463134,0,0,CON,LIB,0.90904830518367608,0.5770854781194515
ON,York Centre,35118,0.3584589680574405,0.13454632921108647,0.4675790168749575,0.02303015251675078,0,0.016385533339764696,LIB,LIB,0.66875581736305145,0.5894820637842679
ON,Windsor West,35117,0.22723680349576347,0.2765170376510889,0.47360688183169797,0.022639277021449553,0,0.0,LIB,LIB,0.78475673726115969,0.48478971506635443
ON,Cambridge,35016,0.4145461856377738,0.14262357741906787,0.40338601235670163,0.03771589851298459,0,0.0017283260734720475,CON,LIB,0.51780314672422478,0.5774551731244848
ON,Willowdale,35115,0.3164323697113368,0.12499991217701534,0.5326694257747996,0.0258982923368482,0,0.0,LIB,LIB,0.8064663963562777,0.557145102971231
ON,Whitby,35114,0.48992374057205146,0.17938519686927215,0.2784531759579309,0.05223788660074558,0,0,CON,LIB,0.80119078464900606,0.6248934255399773
ON,Wellington--Halton Hills,35113,0.5182859525265785,0.10142370207850734,0.3141168828003328,0.06617346259458146,0,0,CON,LIB,0.79294327460995651,0.6605506784674898
ON,Waterloo,35112,0.29280669732843045,0.1805458597101484,0.5044248787533436,0.022222564208077653,0,0.0,LIB,LIB,0.80135545859758484,0.6963374576425224
ON,Vaughan--Woodbridge,35111,0.4004120158679051,0.07910843569442735,0.5005959369787248,0.01988361145894268,0,0,LIB,LIB,0.65569263233905806,0.551706820105896
ON,University--Rosedale,35110,0.17296353440249268,0.30608678909777903,0.4891067731891212,0.03130947599652438,0,0.0005334273140827581,LIB,LIB,0.76794011045209909,0.666957304784094
AB,Medicine Hat--Cardston--Warner,48027,0.5582698899418332,0.14541115847822578,0.2679059730750166,0.028412978504924327,0,0,CON,LIB,0.87727167904259606,0.5153083047035611
QC,Lac-Saint-Louis,24036,0.2411553125952696,0.14554788804231913,0.5481346789845843,0.04488743524422097,0.020261327961026726,1.3357172579306326e-05,LIB,LIB,0.89026102382396199,0.6554369096224
AB,Lakeland,48025,0.6967176462320782,0.12017717813370221,0.15037575786649698,0.03272941776772266,0,0,CON,LIB,0.98556904604749507,0.5448219294067842
AB,Grande Prairie--Mackenzie,48024,0.69823784778358,0.16957825816203875,0.09855993012952152,0.025632618238682292,0,0.00799134568617742,CON,NDP,0.98276960912615463,0.4811560825123328
AB,Fort McMurray--Cold Lake,48023,0.44261296034036085,0.09185137989388924,0.4166948728973068,0.048840786868443196,0,0.0,CON,LIB,0.54128531496330201,0.38641739104234774
ON,Bruce--Grey--Owen Sound,35014,0.4027651963321299,0.14828059033738936,0.39491557084398105,0.05346598052809679,0,0.0005726619584028218,CON,LIB,0.51252413208384329,0.6383585280768221
AB,Edmonton--Wetaskiwin,48021,0.5673879037636642,0.16478941638271344,0.2405583178415127,0.027264362012109643,0,0,CON,LIB,0.90444769160705185,0.5600629528125255
PE,Charlottetown,11002,0.16202096514534775,0.1581286706846456,0.6467879529532158,0.033062411216790884,0,0,LIB,LIB,0.97375346773200933,0.690134529147982
ON,Burlington,35015,0.4120269879164322,0.13687760402974986,0.41729250515157784,0.033802902902240056,0,0,LIB,LIB,0.5084019286108965,0.6631229092011389
PE,Cardigan,11001,0.17414327978653704,0.058815135695681524,0.7433588838813964,0.023682700636385126,0,0,LIB,LIB,0.98860277857716028,0.7661071027156375
AB,Red Deer--Mountain View,48029,0.675799672668858,0.14325102535926035,0.1410823280164736,0.0397887750430676,0,7.819891234035707e-05,CON,NDP,0.98342222420431469,0.5973983287612353
AB,Peace River--Westlock,48028,0.674497329130207,0.14567376121477227,0.1469727097009532,0.029589503142604334,0,0.003266696811463266,CON,LIB,0.98257506280272477,0.5178328190587385
ON,Sault Ste. Marie,35092,0.31634742824171685,0.22520674482183803,0.41867882890203045,0.03976699803441466,0,0.0,LIB,LIB,0.65884963546148667,0.6328522853695608
BC,Vancouver Kingsway,59038,0.17958714196449216,0.3869387096349951,0.3872212385697001,0.04625290983081267,0,0,LIB,LIB,0.5004508508539941,0.5552115113155138
ON,Windsor--Tecumseh,35116,0.2905869233593787,0.4138123385637703,0.2626297528604845,0.032970985216366364,0,0,NDP,NDP,0.68895896313356664,0.5273627128276777
MB,Selkirk--Interlake--Eastman,46010,0.569208365638014,0.2242489037105077,0.15752444794696438,0.04901828270451383,0,0,CON,NDP,0.91618171172465579,0.6296913725953027
MB,Winnipeg South Centre,46014,0.2056326390442432,0.09570965301897846,0.6698522892841243,0.02703929143218138,0,0.0017661272204726318,LIB,LIB,0.96833578615415106,0.6912093940427299
MB,Winnipeg Centre,46011,0.2062047019092866,0.4037668460896691,0.3031579488843193,0.08687050311672508,0,0,NDP,NDP,0.65631825858046411,0.4774299168567434
MB,Charleswood--St. James--Assiniboia--Headingley,46002,0.38025309985491174,0.13354056983487717,0.44404256445275475,0.04216376585745629,0,0,LIB,LIB,0.60069941095121537,0.645562139628488
QC,Rimouski-Neigette--Témiscouata--Les Basques,24018,0.17494783718358212,0.29458579083186553,0.2182015189414349,0.02951730050328593,0.2827475525398316,0,NDP,NDP,0.51888403757063484,0.6224553734061931
QC,Charlesbourg--Haute-Saint-Charles,24019,0.36617935454284856,0.31048313739344574,0.14885098985024878,0.023786845489704733,0.15069967272375218,0,CON,NDP,0.58814852741273727,0.6508883617350891
QC,Pierre-Boucher--Les Patriotes--Verchères,24014,0.1042566155778536,0.31464370598041996,0.22333082378385127,0.03228007782406319,0.32211550899815733,0.003373267835654695,BQ,BQ,0.51192149770808815,0.7124033496535302
QC,Bourassa,24015,0.0741584898887618,0.1561562576795503,0.6361794187067016,0.01641662165637209,0.11708921206861414,0,LIB,LIB,0.97257690085913673,0.5490817981693894
QC,Brome--Missisquoi,24016,0.12257885867444097,0.25087987724647115,0.43180901006425654,0.026642736259695664,0.1680895177551357,0,LIB,LIB,0.76538010899102593,0.6537829766052763
NS,South Shore--St. Margarets,12009,0.26278989488245363,0.2825395657745206,0.38483369637331777,0.06983684296970805,0,0,LIB,LIB,0.658794938783553,0.6239236738598916
QC,Bellechasse--Les Etchemins--Lévis,24010,0.5017798763655029,0.22087829317326518,0.12574986511017053,0.021116935720960513,0.130475029630101,0,CON,NDP,0.86940996581412278,0.6498480914765509
QC,Beloeil--Chambly,24011,0.09484235032430323,0.29684052952799483,0.20527143870005896,0.022464144456083107,0.25803575585527194,0.12254578113628788,NDP,NDP,0.56167570233073971,0.6912398445778877
QC,Berthier--Maskinongé,24012,0.1535202966118618,0.2665656933735384,0.28424289223622035,0.03321493221527509,0.2624561855631043,0,LIB,LIB,0.52818523969796682,0.6135147665050308
QC,Thérèse-De Blainville,24013,0.11553335979563292,0.3472772496189773,0.23412820121222758,0.031753398268657695,0.27130779110450437,0,NDP,NDP,0.61938951720565083,0.6530617761139568
ON,Toronto Centre,35108,0.14754528647868626,0.27434588530169357,0.5446833679157798,0.028834983258647938,0,0.004590477045192441,LIB,LIB,0.86022925756379343,0.6050738724727839
ON,Toronto--Danforth,35109,0.11693349607996181,0.4767301038553759,0.3387918778345741,0.06754452223008824,0,0,NDP,NDP,0.70944117089848613,0.6462390302248384
AB,Calgary Nose Hill,48009,0.504539417639371,0.1202446171278118,0.32396364932664184,0.051252315906175454,0,0,CON,LIB,0.76494591808305135,0.5548944591029024
BC,Surrey Centre,59032,0.22411698741332883,0.30203051206993164,0.422790055604873,0.039866028419563576,0,0.011196416492302961,LIB,LIB,0.68546568432202448,0.5087524789581349
BC,Surrey--Newton,59033,0.2071099616084955,0.22908253372165607,0.5291057918510405,0.032499176132625526,0,0.0022025366861825246,LIB,LIB,0.88494839438745498,0.5609861442244567
ON,Simcoe North,35100,0.431960068060864,0.15123986318578203,0.3563673365366116,0.06043273221674235,0,0,CON,LIB,0.61881534215946654,0.6334147748898084
ON,Spadina--Fort York,35101,0.1389813631313552,0.3272694689879919,0.4989805794108983,0.032703776876628086,0,0.0020648115931264427,LIB,LIB,0.75390961957879232,0.6358679761270016
ON,Stormont--Dundas--South Glengarry,35102,0.5015593012450708,0.1355298126349609,0.3403307139096364,0.022580172210332056,0,0,CON,LIB,0.74050865388001652,0.6182149125658194
ON,Sudbury,35103,0.2413770902233958,0.30336667248585114,0.4241749099984057,0.02957385634122786,0,0.0015074709511195584,LIB,LIB,0.68553482900752427,0.630958497063275
ON,Thornhill,35104,0.465144917573135,0.08717004208200053,0.4226546779592821,0.025030362385582205,0,0,CON,LIB,0.56747957974640384,0.6014921868885816
ON,Thunder Bay--Rainy River,35105,0.21244914421503214,0.3647381105045037,0.39899113012749093,0.023821615152973024,0,0,LIB,LIB,0.55448937605259441,0.5920582206473551
ON,Thunder Bay--Superior North,35106,0.2463559172986486,0.3970569690217875,0.324953389936072,0.031633723743491826,0,0,NDP,NDP,0.61348519486863606,0.5961081731530448
ON,Timmins--James Bay,35107,0.14277483515318867,0.554692971619318,0.2637627037648925,0.03876948946260084,0,0.0,NDP,NDP,0.87773146636969446,0.5543347752430139
NL,Labrador,10004,0.20495172179038018,0.12964241891511588,0.6654058592945039,0.0,0,0,LIB,LIB,0.96724900580915241,0.5265698103915292
NL,Long Range Mountains,10005,0.11903766650120837,0.08928756287880892,0.7743256487724915,0.011786779605324399,0,0.005562342242166833,LIB,LIB,0.99561834007588046,0.49046198478296565
NL,St. John's East,10006,0.15104074244080648,0.6455950817511439,0.18063226457652026,0.022731911231529477,0,0,NDP,NDP,0.96854671425305516,0.5825233511924518
NL,St. John's South--Mount Pearl,10007,0.12878832654006309,0.33095414577961524,0.5288446643579706,0.0112008472490245,0,0.0002120160733265319,LIB,LIB,0.78569196592816692,0.585837169857039
AB,Yellowhead,48034,0.6000916346337852,0.05789182129486595,0.2787255779736642,0.03343157136899531,0,0.02985939472868939,CON,LIB,0.90068494505868735,0.5616647950589556
NL,Avalon,10001,0.16483568653050934,0.1392536297885303,0.4942303067687636,0.0324832745033081,0,0.16919710240888858,LIB,LIB,0.90322227418707746,0.5534737757892121
NL,Bonavista--Burin--Trinity,10002,0.1452824388200021,0.08705732286633042,0.7537288444795276,0.012376806262447944,0,0.0015545875716919623,LIB,LIB,0.99252907917267597,0.48512765689850335
NL,Coast of Bays--Central--Notre Dame,10003,0.11666131228858555,0.0778451839489836,0.7928123093648032,0.011180198206667385,0,0.0015009961909602937,LIB,LIB,0.99658070692199363,0.44881312579930754
BC,Vancouver Granville,59036,0.26882021425017694,0.26994311612592026,0.39426257417343935,0.06664159777128971,0,0.0003324976791738299,LIB,LIB,0.69050342904492734,0.5860513206128396
BC,Steveston--Richmond East,59031,0.36030654436352993,0.16994386503607037,0.4138063818709115,0.05594320872948821,0,0,LIB,LIB,0.58472621797923574,0.5121603806464322
BC,North Island--Powell River,59037,0.29410409507590624,0.35259687234153275,0.22557903226107337,0.12570858189598472,0,0.0020114184255028687,NDP,NDP,0.5924962960873662,0.6470932302527846
ON,St. Catharines,35089,0.40064837888121496,0.17963405155566134,0.38170711313806555,0.038010456425057966,0,0,CON,LIB,0.53019699404441523,0.6010582138999794
ON,Carleton,35088,0.41428128454957225,0.11121248453382263,0.43407431239554073,0.040431918521064494,0,0,LIB,LIB,0.5315521365825121,0.733010391436831
BC,Vancouver Centre,59034,0.13102817847962978,0.15834349907473175,0.5702105025114425,0.1404178199341961,0,0,LIB,LIB,0.95026905722368771,0.5598162814503529
BC,Burnaby South,59003,0.2722567677478568,0.40276125810110297,0.2763390710705322,0.04864290308050802,0,0,NDP,NDP,0.69346241578809986,0.5327139606790736
ON,Parkdale--High Park,35081,0.10947253848897165,0.3176059938445619,0.5434929483848072,0.029428519281659293,0,0,LIB,LIB,0.8168823892139756,0.6841652901440984
ON,Oxford,35080,0.5255993335207586,0.22055588345940189,0.2051264567707633,0.04866022929113164,0,5.809695794454751e-05,CON,NDP,0.88880050170712321,0.6173735942619322
ON,Perth--Wellington,35083,0.3601363258716429,0.18550019697691167,0.38848725903053294,0.06305610782424213,0,0.0028201102966704124,LIB,LIB,0.54514475970581044,0.6322437356079084
NS,Cape Breton--Canso,12001,0.1622481785039902,0.12365890597824408,0.6688427664559282,0.04525014906183753,0,0,LIB,LIB,0.97863698618704698,0.6223151310120321
ON,Pickering--Uxbridge,35085,0.30465049967050617,0.12021519680133957,0.5413745378744953,0.03375976565365908,0,0,LIB,LIB,0.82815415073358134,0.6150040084176771
ON,Peterborough--Kawartha,35084,0.3204494849856701,0.17214721247881545,0.4734521669211757,0.02899887814948134,0,0.004952257464857285,LIB,LIB,0.72973467005318016,0.6462737501267048
ON,Richmond Hill,35087,0.3046145252303718,0.10850542629833125,0.5554079119293663,0.03147213654193058,0,0,LIB,LIB,0.84211143299621649,0.5445629489264177
ON,Renfrew--Nipissing--Pembroke,35086,0.4327743666461957,0.10413366927849574,0.24229330762738646,0.017508263506883705,0,0.20329039294103857,CON,LIB,0.77694738795840856,0.6563653313241473
QC,Saint-Léonard--Saint-Michel,24069,0.11139589890554334,0.15490108518455345,0.6464550076729944,0.01819906004655887,0.06904894819035003,0,LIB,LIB,0.97536314958569847,0.5068261940735296
QC,Saint-Laurent,24068,0.14027657705600094,0.1342772224091153,0.6598840864125356,0.02073276976719582,0.044829344355152415,0,LIB,LIB,0.98116511573422072,0.5148098817112232
ON,Parry Sound--Muskoka,35082,0.4768564730661848,0.19866161142324185,0.23176494727259755,0.0881234287424827,0,0.004593539495492925,CON,LIB,0.83654728220085928,0.6492857842382864
NU,Nunavut,62001,0.34940006577613403,0.1234522985887866,0.5068998651922492,0.020247770442830264,0,0,LIB,LIB,0.73565244541384256,0.4539166522566142
QC,Richmond--Arthabaska,24061,0.5028422668223356,0.22927872533406088,0.09204076834308425,0.023417998570521896,0.1524202409299975,0.0,CON,NDP,0.8630782394033103,0.6450258358846521
QC,Repentigny,24060,0.09513056591279741,0.38145502106827023,0.19020142993030084,0.026917095843947633,0.30629588724468393,0,NDP,NDP,0.61815416579996429,0.6649775160355178
QC,Rivière-du-Nord,24063,0.10966089552859126,0.417721130363713,0.15788652259160033,0.029291197010055867,0.2854402545060396,0,NDP,NDP,0.7016401109882372,0.5885052932902303
QC,Rivière-des-Mille-Îles,24062,0.11814871281603194,0.34261100031005104,0.24099547828374424,0.03534107123237413,0.2629037373577986,0,NDP,NDP,0.62507192655406274,0.6634070438214755
QC,Marc-Aurèle-Fortin,24065,0.1269293234694222,0.3104372191905381,0.3205306529227961,0.030634787145660567,0.2113811749990814,8.684227250160115e-05,LIB,LIB,0.51610241516941235,0.6649692638804878
QC,Rosemont--La Petite-Patrie,24064,0.05533874772668012,0.3739443993783996,0.22260101621452902,0.02687150579317837,0.3212443308872129,0,NDP,NDP,0.58347843762293639,0.6571484071484072
QC,Saint-Jean,24067,0.1321073511470533,0.33529295944165854,0.20608989290718413,0.03801667540135497,0.28849312110274916,0,NDP,NDP,0.57424783408773328,0.612506849155368
QC,Saint-Hyacinthe--Bagot,24066,0.20366367640643446,0.3886268756725931,0.13287353857127046,0.030356971760553807,0.2444789375891481,0,NDP,NDP,0.71789236397143141,0.6495226323954142
ON,Oshawa,35074,0.47671301543438355,0.31073647384331166,0.17260580442194723,0.039944706300357555,0,0,CON,NDP,0.7466248153242967,0.5704334028864545
ON,Ottawa Centre,35075,0.20496024970081586,0.37185529833372916,0.3703976808426159,0.0509859648973002,0,0.0018008062255388813,NDP,NDP,0.50232600780489134,0.7207242339832869
ON,Orléans,35076,0.3116566647264786,0.11082107515906256,0.5376421891508101,0.03988007096364877,0,0.0,LIB,LIB,0.81698694744302047,0.7170496174226724
ON,Ottawa South,35077,0.21056934650316758,0.11035408255655997,0.654969410901748,0.024107160038524512,0,0,LIB,LIB,0.9622652342668907,0.6749416288971295
ON,Nipissing--Timiskaming,35070,0.28139786458393967,0.13903614463798952,0.531420692982029,0.048145297796041736,0,0.0,LIB,LIB,0.84136684027584718,0.595869623523101
ON,Northumberland--Peterborough South,35071,0.4176061988156857,0.15863048149457323,0.3787656901403756,0.044997629549365495,0,0,CON,LIB,0.56173204369181595,0.6535593864273164
ON,Oakville,35072,0.37033765567182403,0.08297282103991996,0.5151692251910769,0.024108004776295055,0,0.007412293320884118,LIB,LIB,0.71881548120924554,0.6775488826815642
ON,Oakville North--Burlington,35073,0.40401025597774015,0.11373181531743998,0.45022853740230706,0.032029391302512866,0,0,LIB,LIB,0.57333572489547702,0.626291933521413
ON,Ottawa--Vanier,35078,0.18602862616885973,0.1793406608155335,0.5923791537423743,0.04225155927323254,0,0,LIB,LIB,0.94796154672450306,0.6612677464507098
ON,Ottawa West--Nepean,35079,0.3035736658387951,0.13741697939673736,0.5247000449547974,0.018617143646948196,0,0.015692166162721993,LIB,LIB,0.81178830706666538,0.680917095703219
NT,Northwest Territories,61001,0.25758634373999534,0.33400909606126267,0.37243755546907764,0.03596700472966427,0,0,LIB,LIB,0.56108231319666146,0.5367677463818057
BC,West Vancouver--Sunshine Coast--Sea to Sky Country,59042,0.30031027456455395,0.15128899807495075,0.41118916581236525,0.13344121281947194,0,0.0037703487286581167,LIB,LIB,0.67130356828903104,0.62660375995956
BC,South Okanagan--West Kootenay,59029,0.33141754707223214,0.35599529183366074,0.21983588939356918,0.06675258404009334,0,0.025998687660444657,NDP,NDP,0.53915731980096826,0.6374015114970253
AB,Sherwood Park--Fort Saskatchewan,48032,0.43647725952841554,0.12874135427435235,0.1821722641467603,0.025356623135095648,0,0.22725249891537616,CON,OTH,0.79867534067276758,0.6284372736581832
BC,Skeena--Bulkley Valley,59028,0.2883962370829993,0.5548464562160889,0.10969244124335345,0.04699496270533225,0,6.990275222617693e-05,NDP,NDP,0.85674316769735714,0.5752120365255257
BC,Coquitlam--Port Coquitlam,59008,0.3318866418150354,0.3155831766405075,0.301208361959259,0.049692375437986616,0,0.001629444147211651,CON,NDP,0.52599813730987699,0.5534490101526329
BC,North Okanagan--Shuswap,59020,0.39735322161978087,0.3105226839259464,0.22577617447249876,0.06634791998177397,0,0.0,CON,NDP,0.63582534426780735,0.6181664168892943
ON,Scarborough Southwest,35098,0.2258568269928679,0.24406912910188733,0.4944336551204584,0.029619103639385587,0,0.006021285145400795,LIB,LIB,0.84169730734486725,0.5834530988398797
ON,Simcoe--Grey,35099,0.48034193302238953,0.1622328888193615,0.29069977709791595,0.06672540106033303,0,0,CON,LIB,0.77594467605557327,0.6427931648190585
BC,Fleetwood--Port Kells,59012,0.3542703949390331,0.2202312254057039,0.37716869898280053,0.0483296806724625,0,0.0,LIB,LIB,0.5364893792489912,0.5247481184753581
ON,Brampton West,35012,0.3080296686034096,0.12104871478437157,0.55081006049341,0.015505033789480784,0,0.004606522329328203,LIB,LIB,0.83425612753227296,0.5094177776189285
ON,Scarborough--Agincourt,35093,0.21195774109445803,0.10756422488507303,0.6623635948404755,0.018114439179993516,0,0,LIB,LIB,0.96419766261901385,0.55460357116614
ON,Toronto--St. Paul's,35090,0.20931744427444365,0.1362853565846764,0.617452953132829,0.036944246008050956,0,0,LIB,LIB,0.94871732461896707,0.6570830874859197
ON,Sarnia--Lambton,35091,0.44802393658193324,0.2442039939850628,0.280711971583034,0.02706009784996988,0,0,CON,LIB,0.7483313095591444,0.6232431482782853
ON,Scarborough North,35096,0.21950230586847222,0.27322104218773674,0.4856294513292159,0.014337386493663326,0,0.007309814120911824,LIB,LIB,0.80223559752294737,0.5498687865440984
ON,Scarborough--Rouge Park,35097,0.24226419686209888,0.1936187380164831,0.5375597374396568,0.022480528420190563,0,0.004076799261570688,LIB,LIB,0.8812348170824309,0.589768465559433
ON,Scarborough Centre,35094,0.3166090715776239,0.16002984650762744,0.5067733068260172,0.016587775088731476,0,0.0,LIB,LIB,0.77656900007741625,0.5411098860712973
ON,Scarborough--Guildwood,35095,0.23345043807043625,0.17456365214856528,0.5671042806005515,0.019312242890710544,0,0.005569386289736423,LIB,LIB,0.90899886755484682,0.557331357038135
BC,Cowichan--Malahat--Langford,59010,0.3179305954729056,0.31463989541888254,0.17602235833255547,0.15374754495110168,0,0.03765960582455486,CON,NDP,0.50525104590214054,0.646313738226697
QC,Vimy,24078,0.13698460006364802,0.2676340939402522,0.3878302457633702,0.030585218032445537,0.17660010174842644,0.0003657404518576214,LIB,LIB,0.68466520434780298,0.5809395940086717
BC,Vancouver Quadra,59039,0.17619674405121458,0.07612462998037235,0.7030807183517731,0.04459790761663995,0,0,LIB,LIB,0.98246442326730998,0.6328337504080078
BC,Delta,59011,0.25152290996198745,0.1976183790930414,0.5066675269889823,0.042956122785855394,0,0.0012350611701335528,LIB,LIB,0.84627290243051745,0.6473670088825498
QC,Shefford,24072,0.1809056630571135,0.3595378776121389,0.21013440645039494,0.028800189285759743,0.22062186359459307,0,NDP,NDP,0.71077973361781988,0.6375048714526967
QC,Sherbrooke,24073,0.1149049998610313,0.30290454123979893,0.22908565661192956,0.026586619552871813,0.3265181827343685,0,BQ,BQ,0.53762596393821771,0.622578631904947
QC,Saint-Maurice--Champlain,24070,0.1964689946415084,0.27337013452854714,0.24716411796501978,0.02839219733796978,0.2535618082469592,0.001042747279995774,NDP,NDP,0.53157647290213894,0.6000522011484253
QC,Salaberry--Suroît,24071,0.16663472061243692,0.3029547937522358,0.20927316703910193,0.030143471493474044,0.29099384710275134,0,NDP,NDP,0.5190796300832432,0.6166185251572686
QC,Trois-Rivières,24076,0.1580410832975202,0.3604756955976911,0.20644293661609703,0.029858742048559636,0.23909136968642092,0.006090172753711236,NDP,NDP,0.68635237102741864,0.6366789362392454
QC,Ville-Marie--Le Sud-Ouest--Île-des-Soeurs,24077,0.11516133548856328,0.2394242855565627,0.4679737397605001,0.03612741396277949,0.14129630212141978,1.692311017480051e-05,LIB,LIB,0.819693544440114,0.5293371727472063
QC,Vaudreuil--Soulanges,24074,0.18993538724842582,0.2886929279839545,0.2548301689315298,0.03851383111335088,0.2280276847227391,0,NDP,NDP,0.55387236258246031,0.6659224582883208
QC,Terrebonne,24075,0.10911916930723453,0.3764249624771171,0.16858994698655827,0.04544054465710405,0.3004253765719861,0,NDP,NDP,0.61943542346114455,0.6277777777777778
ON,Ajax,35001,0.35122451669367744,0.1263006755283708,0.4975032422910594,0.024971565486892302,0,0.0,LIB,LIB,0.72076477042670084,0.6011678712891503
BC,Kamloops--Thompson--Cariboo,59013,0.4157859026161464,0.3551903495840842,0.15408390969094782,0.07493983810882159,0,0,CON,NDP,0.59575799191289858,0.624656953524175
ON,Aurora--Oak Ridges--Richmond Hill,35003,0.36450067604872993,0.11427441339414454,0.4907337120262664,0.03049119853085913,0,0,LIB,LIB,0.69319675177413875,0.5675499848202281
ON,Algoma--Manitoulin--Kapuskasing,35002,0.2973865895875899,0.4178983519228767,0.2447249361693915,0.03999012232014182,0,0.0,NDP,NDP,0.68511373816259591,0.6246113617882938
ON,Barrie--Springwater--Oro-Medonte,35005,0.4634554735292927,0.16222144386945314,0.3127351396166885,0.06158794298456567,0,0,CON,LIB,0.72670618339039372,0.6230213829491807
ON,Barrie--Innisfil,35004,0.4944303787860214,0.16344726588351274,0.28185029180211296,0.06027206352835297,0,0,CON,LIB,0.80242649663707,0.5915379642267079
ON,Beaches--East York,35007,0.16106116673052037,0.2830247497062817,0.514438099800573,0.04147598376262495,0,0,LIB,LIB,0.82268693383390379,0.6639518703446018
ON,Bay of Quinte,35006,0.42262924076940334,0.17074576091698762,0.3643507701996907,0.039026823683467486,0,0.0032474044304509667,CON,LIB,0.59216351233130904,0.6051650692225772
ON,Brampton East,35009,0.3138570822141082,0.194302312271166,0.45473669049991433,0.03636452171636355,0,0.0007393932984480807,LIB,LIB,0.71345904411982874,0.5429763824338424
ON,Brampton Centre,35008,0.3754572139135238,0.15677537540723624,0.43129128989532217,0.035868268210817,0,0.0006078525731008439,LIB,LIB,0.58836311285928089,0.5449704790691119
AB,Sturgeon River--Parkland,48033,0.6142392765634305,0.13644677785086262,0.22346515740028958,0.025848788185417405,0,0,CON,LIB,0.94098504787794879,0.5773620379197119
BC,Port Moody--Coquitlam,59023,0.33261240180982793,0.3778814130235126,0.22697882245051443,0.0625273627161451,0,0.0,NDP,NDP,0.57184605639964947,0.5899705415201661
BC,Kootenay--Columbia,59015,0.3896088517024249,0.3261983204889116,0.17744985694265528,0.1044481763092861,0,0.002294794556722146,CON,NDP,0.60011397517694265,0.6413336572330863
