riding,date,sample_size,cpc,ndp,lpc,bq,gpc,oth
59022,2011-05-02,38417,0.5484030507327485,0.3489080355051149,0.05383033552854205,0.0,0.048858578233594505,0.0
59016,2011-05-02,44638,0.6582508176889645,0.19348985169586452,0.08981137147721673,0.0,0.05253371566826471,0.005914243469689502
59030,2011-05-02,45177,0.5288089071872856,0.19193394869070546,0.190915731456272,0.0,0.05861389645173429,0.0297275162140027
12011,2011-05-02,42954,0.47036364482935233,0.13109372817432602,0.3639241979792336,0.0,0.034618429017088045,0.0
59009,2011-05-02,57470,0.4488950756916652,0.40715155733426134,0.06716547764050809,0.0,0.06843570558552288,0.008352183748042457
59017,2011-05-02,33638,0.5448897080682561,0.32014388489208634,0.08404185742315239,0.0,0.046376122242701705,0.004548427373803437
24028,2011-05-02,47238,0.07203945975697532,0.4747237393623778,0.11736313984504002,0.3075701765527753,0.016723824039967822,0.011579660442863796
24047,2011-05-02,45422,0.49141385231825985,0.2626480560081018,0.05970675003302364,0.16604288670688214,0.014684514112104266,0.005503940821628286
24046,2011-05-02,38718,0.11627666718322227,0.4767291698951392,0.055038999948344436,0.32682473268247325,0.025130430290820807,0.0
24045,2011-05-02,56615,0.3758367923695134,0.3987635785569195,0.06371103064558863,0.1435485295416409,0.015049015278636405,0.0030910536077011393
24044,2011-05-02,60438,0.2183229094278434,0.38649525133194346,0.13417055494887323,0.2421655250008273,0.016479698203117243,0.0023660610873953475
24043,2011-05-02,52653,0.08738343494197862,0.5001614342962414,0.10090593128596662,0.28796079995441853,0.021936072018688395,0.0016523275027063985
24042,2011-05-02,56343,0.3987895568216105,0.3849280301013436,0.05088475941998118,0.1487851197131853,0.016612533943879453,0.0
24041,2011-05-02,47419,0.10535861152702503,0.45435374006200047,0.13321664311773762,0.28298783188173515,0.024083173411501718,0.0
24040,2011-05-02,44641,0.16426603346699223,0.4719652337537242,0.2062453798078,0.12891736296229922,0.017786339911740327,0.010819650097444053
59001,2011-05-02,37466,0.6688464207548177,0.19244114663961992,0.08695884268403352,0.0,0.046548870976351894,0.005204718945176961
59026,2011-05-02,56652,0.37606792346254325,0.394072583492198,0.09697804137541481,0.0,0.12860975781967096,0.004271693850172986
24049,2011-05-02,52165,0.09604140707370842,0.44526023195629255,0.1250646985526694,0.2907505032109652,0.024499185277484903,0.018383973928879516
24048,2011-05-02,47486,0.0922587710061913,0.4954302320683991,0.07751758413005938,0.31015457187381545,0.020174367181906246,0.004464473739628522
48015,2011-05-02,37766,0.5251549012339141,0.37472859185510776,0.06574696817243023,0.0,0.0343695387385479,0.0
59019,2011-05-02,40943,0.34758078303983586,0.5177930293334636,0.08699899860782064,0.0,0.04330410570793542,0.004323083310944484
46012,2011-05-02,26665,0.2735795987249203,0.35398462403900244,0.34993437089818114,0.0,0.017813613350834426,0.004687792987061692
59025,2011-05-02,34079,0.5806508406936823,0.18201825170926378,0.18750550192200474,0.0,0.04982540567504915,0.0
48026,2011-05-02,41165,0.5251548645694157,0.29950200412972183,0.09131543787197863,0.0,0.0448196283250334,0.03920806510385036
46013,2011-05-02,39648,0.5173274818401937,0.14136904761904762,0.3199152542372881,0.0,0.021388216303470542,0.0
13005,2011-05-02,35922,0.40479371972607314,0.1934469127554145,0.34789265631089583,0.0,0.017955570402538833,0.035911140805077665
13004,2011-05-02,39368,0.579582401950823,0.2686699857752489,0.10437411095305832,0.0,0.047221093273724854,0.00015240804714488924
13007,2011-05-02,44410,0.36764242287773025,0.28457554604818736,0.3050213915784733,0.0,0.0427606394956091,0.0
13006,2011-05-02,34499,0.5319574480419722,0.22867329487811242,0.21365836690918577,0.0,0.024551436273515175,0.001159453897214412
13001,2011-05-02,46847,0.16541080538775163,0.6907806262941063,0.14314683971225478,0.0,0.00066172860588725,0.0
35017,2011-05-02,46376,0.5319993099879248,0.271584440227704,0.16288597550457132,0.0,0.033444022770398485,8.625150940141452e-05
13003,2011-05-02,38772,0.46974620860414734,0.24301041989064273,0.24022490457030846,0.0,0.04149901991127618,0.005519447023625296
13002,2011-05-02,45487,0.3171675423747444,0.2342207663728098,0.4069074680677996,0.0,0.041704223184646165,0.0
35018,2011-05-02,39064,0.14215134138849067,0.5371953716977268,0.2789524882244522,0.0,0.034174687691992625,0.007526110997337702
35019,2011-05-02,35172,0.3637552598658023,0.21875355396337995,0.383913340156943,0.0,0.028232685090412827,0.005345160923461845
13009,2011-05-02,35964,0.4972194416638861,0.3073073073073073,0.15988210432654876,0.0,0.027583138694249807,0.008008008008008008
13008,2011-05-02,33012,0.5665212649945475,0.23309705561613958,0.13564764328123108,0.0,0.0509814612868048,0.01375257482127711
48020,2011-05-02,38525,0.6419987021414666,0.1947306943543154,0.12462037637897469,0.0,0.03675535366645036,0.0018948734587929915
59024,2011-05-02,39366,0.6185286795712036,0.2585225829395925,0.05164355027180816,0.0,0.060610679266371995,0.010694507951023726
48011,2011-05-02,39600,0.7551767676767677,0.11128787878787878,0.07186868686868687,0.0,0.0556060606060606,0.006060606060606061
24050,2011-05-02,44753,0.07943601546265056,0.5190266574307868,0.04922575022903492,0.3144146761110987,0.03789690076642906,0.0
24051,2011-05-02,47545,0.36336102639604584,0.3635503207487643,0.05769271216742034,0.20086234094016195,0.01453359974760753,0.0
24052,2011-05-02,39007,0.35611556900043584,0.17850642192427,0.4140538877637347,0.029122977927038735,0.01750967775014741,0.0046914656343733175
24053,2011-05-02,44642,0.17649298866538238,0.3505219300210564,0.38242014246673534,0.040701581470364234,0.04379284082254379,0.006070516553917835
24054,2011-05-02,41875,0.07985671641791045,0.5568716417910448,0.2162626865671642,0.11603582089552239,0.022352238805970148,0.00862089552238806
24055,2011-05-02,45887,0.0504064331945867,0.29476758123215724,0.37934491250245167,0.24885043694292502,0.01887244753416,0.007758188593719354
24056,2011-05-02,48025,0.2686309213951067,0.34128058302967207,0.30467464862051014,0.04980739198334201,0.03560645497136908,0.0
24057,2011-05-02,50366,0.26190287098439424,0.4727395465194774,0.15180875987769527,0.09546122384148037,0.016360243021085654,0.0017273557558670533
24058,2011-05-02,52468,0.0,0.42667911870092246,0.06600213463444385,0.20479149195700236,0.02437676297933979,0.27815049172829154
24059,2011-05-02,52516,0.17766014167110974,0.4264224236423185,0.0901629979434839,0.2796290654276792,0.02178383730672557,0.004341534008683068
46001,2011-05-02,33301,0.6382991501756704,0.24632893907089878,0.057415693222425755,0.0,0.057415693222425755,0.0005405243085793219
48008,2011-05-02,48773,0.7590470137166055,0.10550919566153405,0.06405183195620527,0.0,0.06431837287023558,0.007073585795419597
59007,2011-05-02,37646,0.5737130106784253,0.24671943898422144,0.11799394357966318,0.0,0.04616692344472188,0.015406683312968177
59027,2011-05-02,62463,0.36475993788322686,0.11043337655892288,0.06064390118950418,0.0,0.46416278436834607,0.0
59041,2011-05-02,60417,0.23627455848519457,0.5077875432411407,0.13982819405134317,0.0,0.11610970422232153,0.0
59006,2011-05-02,38193,0.5956065247558453,0.2349383394862933,0.1118791401565732,0.0,0.05034954049171314,0.007226455109575053
46007,2011-05-02,33962,0.7578764501501678,0.10208468288086685,0.05983157646781697,0.0,0.05638654967316412,0.02382074082798422
59005,2011-05-02,48894,0.5458747494580112,0.26048185871477075,0.10058493884730232,0.0,0.07763733791467256,0.01542111506524318
35013,2011-05-02,55085,0.4841063810474721,0.2894980484705455,0.18898066624307888,0.0,0.03205954434056458,0.005355359898338931
46006,2011-05-02,36628,0.5846893087255651,0.3005078082341378,0.0788194823632194,0.0,0.026482472425466856,0.00950092825161079
59014,2011-05-02,48338,0.5838057015184741,0.21366212917373495,0.11473374984484257,0.0,0.0877984194629484,0.0
59004,2011-05-02,43239,0.5625708272624251,0.30104766530215776,0.050671847175004045,0.0,0.06181919100811767,0.02389046925229538
46005,2011-05-02,34287,0.4691282410242949,0.4480706973488494,0.05188555429171406,0.0,0.030711348324437834,0.00020415901070376527
13010,2011-05-02,34457,0.6213541515512088,0.19136895260759787,0.16228923005485096,0.0,0.02478451403198189,0.0002031517543605073
35028,2011-05-02,50920,0.4023173605655931,0.2030243519245876,0.35086410054988215,0.0,0.04020031421838177,0.003593872741555381
35027,2011-05-02,53292,0.4185806500037529,0.1462133153193725,0.40561435112211963,0.0,0.026852060346768746,0.002739623207986189
35026,2011-05-02,50219,0.4826659232561381,0.349051155936996,0.1425954320078058,0.0,0.02423385571198152,0.0014536330870785958
35025,2011-05-02,48899,0.5805435693981472,0.24078202008221028,0.13413362236446552,0.0,0.03022556698500992,0.01431522117016708
35024,2011-05-02,48389,0.4681229204984604,0.11599743743412759,0.38417822232325527,0.0,0.03170141974415673,0.0
35023,2011-05-02,50572,0.5517084552716919,0.23750296606818003,0.15532310369374358,0.0,0.04559835482084948,0.009867120145535079
35022,2011-05-02,48549,0.5900636470370142,0.13201095800119467,0.13102226616408166,0.0,0.14690312879770953,0.0
35021,2011-05-02,45326,0.43890923531747783,0.10748797599611702,0.41486122755151567,0.0,0.035652826192472314,0.0030887349424171557
24031,2011-05-02,50752,0.09692228877679697,0.469203184110971,0.0639186633039092,0.3300559583858764,0.039899905422446404,0.0
24017,2011-05-02,48988,0.12825589940393567,0.3680697313627827,0.32754960398464933,0.1594676247244223,0.015105740181268883,0.0015514003429411285
35049,2011-05-02,50187,0.6007731085739335,0.1811624524279196,0.16376750951441607,0.0,0.048837348317293326,0.005459581166437523
35048,2011-05-02,50776,0.5774775484480857,0.23952260910666456,0.14152355443516623,0.0,0.03334252402709942,0.008133763982984087
35045,2011-05-02,46998,0.40359164219754035,0.2192646495595557,0.3228860802587344,0.0,0.04585301502191583,0.008404612962253713
35044,2011-05-02,56633,0.34057881447212757,0.21616372079882754,0.4002260166334116,0.0,0.043031448095633286,0.0
35047,2011-05-02,39665,0.5119374763645531,0.25763267364174963,0.18923484180007563,0.0,0.04001008445733014,0.0011849237362914408
35046,2011-05-02,40274,0.5441475890152455,0.18252470576550628,0.23474201718230123,0.0,0.03645031533992154,0.002135372697025376
35041,2011-05-02,50802,0.5370851541277902,0.152848313058541,0.26465493484508484,0.0,0.04541159796858391,0.0
35040,2011-05-02,53241,0.5494825416502319,0.25343250502432335,0.1649856313743168,0.0,0.02732856257395616,0.004770759377171728
35043,2011-05-02,38822,0.571248261295142,0.12310030395136778,0.2749987120704755,0.0,0.02738138169079388,0.003271340992220906
35042,2011-05-02,24586,0.4704709997559587,0.27881721304807616,0.21886439437078012,0.0,0.025868380379077523,0.005979012446107541
48012,2011-05-02,44971,0.6492850948388962,0.10582375308532165,0.1544773298347824,0.0,0.08774543594761068,0.002668386293389073
48013,2011-05-02,29461,0.5625403075252028,0.10040392383150606,0.28641254539900207,0.0,0.04626455313804691,0.004378670106242151
46003,2011-05-02,21205,0.2612591369959915,0.5169535486913464,0.19867955670832352,0.0,0.0231077576043386,0.0
59002,2011-05-02,43290,0.4423423423423423,0.35153615153615153,0.15717255717255718,0.0,0.03883113883113883,0.010117810117810117
48010,2011-05-02,44039,0.6852562501419197,0.11467108699107609,0.12650151002520493,0.0,0.07241308839891913,0.0011580644428801745
24025,2011-05-02,47420,0.1593209616195698,0.5164276676507803,0.08390974272458879,0.21952762547448335,0.020814002530577816,0.0
24024,2011-05-02,45510,0.14152933421226105,0.4111623818940892,0.29404526477697207,0.11535926170072512,0.02997143484948363,0.007932322566468909
24027,2011-05-02,51336,0.08006077606358111,0.6212794140564126,0.13795387252610253,0.149290945924887,0.011414991429016674,0.0
24026,2011-05-02,35331,0.19071070731086015,0.28830205768305456,0.17041691432453088,0.3307010840338513,0.01986923664770315,0.0
24021,2011-05-02,45393,0.12028286299649726,0.4872116846209768,0.10199810543475867,0.26911638358337187,0.01907783138369352,0.0023131319807018704
24020,2011-05-02,47170,0.23006147975408098,0.38244647021411915,0.05333898664405343,0.31655713377146494,0.017065931736273056,0.00052999788000848
24023,2011-05-02,49769,0.11854769032932147,0.47280435612529886,0.11995418835017782,0.2642809781189094,0.024312322931945587,0.0001004641443468826
24022,2011-05-02,43094,0.25562723348958094,0.37678099039309415,0.05754861465633267,0.28816076483965286,0.015199331693507217,0.006683064927832181
60001,2011-05-02,16057,0.3376720433455814,0.143737933611509,0.32945132963816404,0.0,0.1891386934047456,0.0
46004,2011-05-02,34429,0.6451537947660403,0.24804670481280316,0.06331871387493102,0.0,0.04269656394318743,0.0007842226030381365
24029,2011-05-02,45024,0.1300861762615494,0.35216773276474767,0.3349991115849325,0.16002576403695806,0.016124733475479745,0.006596481876332622
12010,2011-05-02,37051,0.37847831367574425,0.1902512752692235,0.3991255296753124,0.0,0.032144881379719846,0.0
48017,2011-05-02,35454,0.5893552208495515,0.2539910870423647,0.11725052180289953,0.0,0.0299543069893383,0.009448863315845884
35038,2011-05-02,53199,0.4239741348521589,0.28190379518412,0.24914002142897423,0.0,0.03731273144232034,0.007669317092426549
35039,2011-05-02,43077,0.5485293776261114,0.23991921442997424,0.17067112380156463,0.0,0.03426422452817048,0.00661605961417926
46009,2011-05-02,40418,0.5012865554950765,0.15787520411697759,0.3120144490078678,0.0,0.028823791380078182,0.0
46008,2011-05-02,35005,0.7035280674189401,0.18163119554349377,0.06730467076131981,0.0,0.029681474075132126,0.017854592201114128
48014,2011-05-02,43093,0.46200078899125147,0.2581857842340983,0.23730072169493885,0.0,0.03562063444178869,0.006892070637922632
35030,2011-05-02,45387,0.5539912309692203,0.22790666931059556,0.1690131535461696,0.0,0.0416859453147377,0.007403000859276886
35031,2011-05-02,54903,0.48817004535271297,0.16663934575524106,0.30601242190772815,0.0,0.035772180026592354,0.003406006957725443
35032,2011-05-02,59021,0.3278832957760797,0.16739804476372816,0.43354060419172835,0.0,0.06131715829958828,0.009860896968875484
35033,2011-05-02,50366,0.5093714013421753,0.19977762776476193,0.24915617678592702,0.0,0.0330580153278005,0.008636778779335266
35034,2011-05-02,54699,0.6003948883891844,0.22062560558693944,0.1285215451836414,0.0,0.05045796084023474,0.0
35035,2011-05-02,34426,0.23464823098820659,0.6025097310172544,0.13097658746296403,0.0,0.004996223784349038,0.026869226747225933
35036,2011-05-02,44848,0.3691803424901891,0.4425615412058509,0.13579200856225473,0.0,0.028496254013556904,0.023969853728148412
35037,2011-05-02,45010,0.3229282381692957,0.48447011775161075,0.1564319040213286,0.0,0.0282159520106643,0.007953788047100644
35029,2011-05-02,35073,0.319533544321843,0.23616457103755026,0.42565506229863426,0.0,0.001710717646052519,0.016936104695919937
35058,2011-05-02,42677,0.4168990322656232,0.18993837429997423,0.36717669939311576,0.0,0.023127211378494272,0.002858682662792605
35059,2011-05-02,44249,0.4354448688105946,0.17656896201044092,0.3615674930506904,0.0,0.021672806165111077,0.004745869963163009
35056,2011-05-02,39331,0.45826447331621367,0.16526404108718315,0.3368589662098599,0.0,0.030052630240776996,0.009559889145966286
35057,2011-05-02,33844,0.5504668478903203,0.16525824370641767,0.24181538825197968,0.0,0.03870700862782177,0.003752511523460584
35054,2011-05-02,47183,0.5048428459402751,0.16978572791047622,0.28953224678379924,0.0,0.02723438526587966,0.008604794099569761
35055,2011-05-02,38078,0.36391091969116024,0.23391459635485057,0.3710541520037817,0.0,0.026209359735280213,0.004910972214927254
35052,2011-05-02,53445,0.3705117410421929,0.2427542333239779,0.3423706614276359,0.0,0.04041538029750211,0.003947983908691178
35053,2011-05-02,58342,0.4507216070755202,0.25419080593740356,0.2672860032223784,0.0,0.026790305440334578,0.0010112783243632374
35050,2011-05-02,49320,0.6080494728304947,0.18313057583130576,0.15894160583941605,0.0,0.049878345498783457,0.0
35051,2011-05-02,47453,0.3392409331338377,0.4984932459486228,0.12030851579457569,0.0,0.029713611362822162,0.012243693760141615
47013,2011-05-02,30778,0.7286048476184287,0.18487231139125349,0.055819091558905715,0.0,0.030703749431412047,0.0
47012,2011-05-02,30459,0.42535867887980566,0.5113102859581733,0.037624347483502414,0.0,0.025706687678518664,0.0
47011,2011-05-02,35122,0.4859347417573031,0.37993280564888104,0.09606514435396618,0.0,0.02924093160981721,0.008826376630032459
47010,2011-05-02,36077,0.5022313385259306,0.3983978712198908,0.07323225323613382,0.0,0.0249466419048147,0.0011918951132300357
47014,2011-05-02,34276,0.6887326409149259,0.21957054498774653,0.06613957287898238,0.0,0.023865095110281245,0.0016921461080639515
48001,2011-05-02,42330,0.7073234112922278,0.1307347035199622,0.08060477202929364,0.0,0.07743916843845972,0.0038979447200566974
48003,2011-05-02,36469,0.8339137349529737,0.08157613315418574,0.03539992870657271,0.0,0.03411116290548137,0.014999040280786422
48002,2011-05-02,47712,0.8309439973172368,0.09838195841716968,0.02152498323272971,0.0,0.03896294433266264,0.010186116700201208
48005,2011-05-02,50767,0.5243366753993736,0.15827210589556207,0.1764335099572557,0.0,0.1369984438710186,0.00395926487679004
48004,2011-05-02,41452,0.5536282929653575,0.1516452764643443,0.19120910933127472,0.0,0.10332432693235549,0.0001929943066679533
48007,2011-05-02,46732,0.7438371993494821,0.12115894890011128,0.07459556620730977,0.0,0.05493024052041428,0.00547804502268253
48006,2011-05-02,30898,0.6334714220985177,0.1315295488381125,0.17463913521910804,0.0,0.05301314000906208,0.007346753835199689
11003,2011-05-02,19153,0.5464940218242573,0.12368819506082598,0.31311021772046155,0.0,0.016707565394455177,0.0
24037,2011-05-02,48862,0.0973967500306987,0.45170070811673696,0.1829438009086816,0.23439482624534402,0.025541320453522164,0.008022594245016577
24034,2011-05-02,50650,0.09449160908193485,0.4996643632773939,0.13220138203356369,0.25733464955577495,0.014511352418558736,0.0017966436327739388
24035,2011-05-02,54290,0.4226561060968871,0.32134831460674157,0.03252901086756309,0.21003868115675078,0.01342788727205747,0.0
24032,2011-05-02,46657,0.34134213515656814,0.42499517757249716,0.027091326060398227,0.19257560494673898,0.012881239685363397,0.0011145165784341043
24033,2011-05-02,49687,0.07649888300762775,0.47527522289532476,0.10095195926499889,0.32364602411093446,0.018837925413085918,0.004789985308028257
24030,2011-05-02,50280,0.10043754972155927,0.5877486077963405,0.2049323786793954,0.08675417661097852,0.020127287191726333,0.0
11004,2011-05-02,20294,0.39095299103183206,0.14634867448506947,0.4240169508229033,0.0,0.038681383660195134,0.0
12006,2011-05-02,39778,0.3017999899441903,0.28450399718437325,0.3726683091155915,0.0,0.04102770375584494,0.0
12007,2011-05-02,40164,0.3663479733094313,0.20025395876904692,0.3955532317498257,0.0,0.037844836171696046,0.0
12004,2011-05-02,44001,0.2502897661416786,0.3642189950228404,0.34724210813390605,0.0,0.038249130701574964,0.0
12005,2011-05-02,46032,0.18013555787278415,0.5161843934654153,0.25645203336809175,0.0,0.043925964546402504,0.0033020507473062216
12002,2011-05-02,38878,0.5528576572868975,0.2680693451309224,0.1395133494521323,0.0,0.038093523329389374,0.0014661248006584702
12003,2011-05-02,37547,0.5293365648387355,0.22475830292699817,0.18384957519908382,0.0,0.053666071856606386,0.008389485178576184
24038,2011-05-02,56586,0.09270844378468172,0.4382709504117626,0.12669211465733574,0.31454776799915174,0.025147563001449123,0.002633160145619058
24039,2011-05-02,51102,0.03948964815467105,0.46475676098782825,0.10670815232280537,0.34939924073421785,0.026398184024108644,0.013248013776368832
35120,2011-05-02,35198,0.24316722541053468,0.4012159781805784,0.3279163588840275,0.0,0.027700437524859366,0.0
35121,2011-05-02,27724,0.22081950656470928,0.27849516664262014,0.4699899004472659,0.0,0.016231424036935508,0.014464002308469196
59035,2011-05-02,44238,0.18900040689000408,0.6282833762828338,0.09905511099055112,0.0,0.07647271576472715,0.007188390071883901
35020,2011-05-02,39215,0.4029580517659059,0.20726762718347572,0.3729695269667219,0.0,0.013183730715287518,0.0036210633686089505
48022,2011-05-02,46129,0.7782306141472827,0.10091265798087971,0.03520561902490841,0.0,0.047540592685729154,0.03811051616120011
48030,2011-05-02,40627,0.7741895783592192,0.14293450168607083,0.03566593644620573,0.0,0.047209983508504194,0.0
35069,2011-05-02,44148,0.28026184651626346,0.5498776841533025,0.1406405726193712,0.0,0.027883482830479298,0.0013364138805834918
35068,2011-05-02,43719,0.5947071067499257,0.1921361421807452,0.14293556577231867,0.0,0.045060500011436674,0.02516068528557378
48031,2011-05-02,42842,0.6448578497735866,0.2007375939498623,0.10835161757154195,0.0,0.0460529387050091,0.0
35063,2011-05-02,46236,0.4612206938316463,0.15211090924820486,0.3499221385933039,0.0,0.03652997664157799,0.0002162816852668916
35062,2011-05-02,36632,0.3743994321904346,0.23433063987770256,0.36792967896920725,0.0,0.020310111378030137,0.003030137584625464
35061,2011-05-02,51746,0.4690410853012793,0.12787461832798672,0.36851157577397287,0.0,0.03078498821164921,0.0037877323851118927
35060,2011-05-02,46468,0.4658259447361625,0.16148747525178617,0.34384953085994663,0.0,0.027416716880433848,0.0014203322716708272
35067,2011-05-02,53980,0.5325676176361616,0.23492034086698776,0.18907002593553168,0.0,0.038643942200815115,0.0047980733605038905
35066,2011-05-02,48545,0.39075084972705737,0.43170254403131114,0.14357812339066844,0.0,0.02480173035328046,0.009166752497682562
35065,2011-05-02,47279,0.5405782694219421,0.1579348124960342,0.23703970050127965,0.0,0.043803802956915334,0.020643414623828762
35064,2011-05-02,51130,0.5102092704869939,0.17831018971249757,0.2711324075884999,0.0,0.04034813221200861,0.0
12008,2011-05-02,38993,0.30187469545815915,0.5430205421485907,0.11307157694970892,0.0,0.041956248557433386,7.693688610776293e-05
48018,2011-05-02,43267,0.5937319435135322,0.21166246793168003,0.14493725009822728,0.0,0.04966833845656043,0.0
48019,2011-05-02,49807,0.40323649286244906,0.5371132571726865,0.028550203786616338,0.0,0.023390286505912822,0.007709759672335214
47008,2011-05-02,30445,0.5319756938741994,0.3865330924618164,0.047528329775004104,0.0,0.029791427163737887,0.00417145672524224
47009,2011-05-02,36568,0.35706081820170643,0.20077663530956028,0.4176055567709473,0.0,0.024556989717786044,0.0
47004,2011-05-02,32640,0.6835171568627451,0.24393382352941176,0.03915441176470588,0.0,0.02616421568627451,0.007230392156862745
47005,2011-05-02,37675,0.6095023224950232,0.3253085600530856,0.03787657597876576,0.0,0.027073656270736563,0.00023888520238885203
47006,2011-05-02,33284,0.6241737771902416,0.31492609061410887,0.03437086888595121,0.0,0.02226294916476385,0.004266314144934503
47007,2011-05-02,38508,0.43868806481770023,0.451802222914719,0.08195699594889373,0.0,0.027552716318687026,0.0
48016,2011-05-02,34180,0.5545348156816852,0.2657109420713868,0.09104739613809246,0.0,0.028759508484493854,0.05994733762434172
47001,2011-05-02,26029,0.6594951784548004,0.28061008874716664,0.03380844442736947,0.0,0.026086288370663492,0.0
47002,2011-05-02,32407,0.7057117289474496,0.20801061499058845,0.058475020828833275,0.0,0.027802635233128644,0.0
47003,2011-05-02,20831,0.46882050789688445,0.45384283039700446,0.05270990350919303,0.0,0.024626758196918053,0.0
24003,2011-05-02,48602,0.08571663717542488,0.29937039627998846,0.3112423357063495,0.2832599481502819,0.014567301757129336,0.005843380930825892
24002,2011-05-02,47973,0.0990348737831697,0.512454922560607,0.05919996664790611,0.314989681695954,0.014320555312363203,0.0
24001,2011-05-02,31548,0.22556104982883227,0.44820590845695446,0.10466590592113605,0.1826423228096868,0.038924812983390386,0.0
59040,2011-05-02,36706,0.42420857625456326,0.2106740042499864,0.33754699504168256,0.0,0.02206723696398409,0.005503187489783686
24007,2011-05-02,52049,0.5072143557032796,0.2999865511345079,0.10995408173067686,0.06670637284097677,0.016138638590558897,0.0
24006,2011-05-02,36527,0.1316286582527993,0.2662687874722808,0.232047526487256,0.3449229337202617,0.025132094067402196,0.0
24005,2011-05-02,43916,0.14712177793970307,0.45006375808361415,0.13739867018854177,0.232625922215138,0.02630020949084616,0.006489662082156845
24004,2011-05-02,48162,0.11205929986296251,0.4220962584610274,0.22324654291765292,0.22353722852041027,0.014513516880528217,0.004547153357418712
24009,2011-05-02,49732,0.13025818386551918,0.35600820397329686,0.10102147510657122,0.38297273385345454,0.02973940320115821,0.0
24008,2011-05-02,47592,0.25279458732560095,0.4590477391158178,0.0635611027063372,0.2013783829214994,0.01857455034459573,0.004643637586148932
35010,2011-05-02,39812,0.4886717572591179,0.1883351753240229,0.28154827690143674,0.0,0.03682306842158143,0.004621722093841053
59021,2011-05-02,50306,0.4755496362262951,0.16858823997137518,0.29714149405637497,0.0,0.05229992446229078,0.0064207052836639765
35011,2011-05-02,35560,0.4541057367829021,0.1641451068616423,0.35390888638920137,0.0,0.022609673790776153,0.005230596175478065
59018,2011-05-02,55879,0.4039263408436085,0.45265663308219545,0.06678716512464432,0.0,0.07170851303709802,0.004921347912453695
35119,2011-05-02,38675,0.6366645119586296,0.185830639948287,0.11335488041370394,0.0,0.053600517129928894,0.01054945054945055
35118,2011-05-02,35546,0.48525853823214987,0.15894896753502505,0.3323862037922692,0.0,0.0234062904405559,0.0
35117,2011-05-02,39745,0.31644231978865267,0.5432633035601963,0.10886904013083407,0.0,0.02757579569757202,0.0038495408227449996
35016,2011-05-02,44827,0.5274499743458184,0.27911749615187276,0.15443817342226782,0.0,0.036005086220358265,0.0029892698596827804
35115,2011-05-02,38984,0.4147085983993433,0.1894110404268418,0.3919813256720706,0.0,0.0038990355017443053,0.0
35114,2011-05-02,52771,0.5880881544787857,0.21407591290671013,0.14485228629360825,0.0,0.049800079589168295,0.0031835667317276534
35113,2011-05-02,55154,0.636961961054502,0.1295644921492548,0.1637959168872611,0.0,0.06394821771766326,0.005729412191318853
35112,2011-05-02,53632,0.41378281622911695,0.14942571599045346,0.3832040572792363,0.0,0.04676312649164678,0.00682428400954654
35111,2011-05-02,38450,0.5656697009102731,0.10697009102730819,0.307074122236671,0.0,0.020286085825747726,0.0
35110,2011-05-02,46665,0.20128576020572164,0.4382727954569806,0.30571091824708024,0.0,0.046608807457409196,0.008121718632808314
48027,2011-05-02,37350,0.6869879518072289,0.14937081659973225,0.11151271753681392,0.0,0.04441767068273093,0.0077108433734939755
24036,2011-05-02,54260,0.28444526354589017,0.30062661260597123,0.34098783634353114,0.031201621820862512,0.04273866568374493,0.0
48025,2011-05-02,41181,0.7898545445715257,0.11226050848692358,0.051018673660183096,0.0,0.042228212039532795,0.004638061241834827
48024,2011-05-02,33847,0.7611605164416344,0.15398705941442373,0.03179011433805064,0.0,0.03755133394392413,0.015510975861967088
48023,2011-05-02,25650,0.725224171539961,0.1312280701754386,0.10787524366471735,0.0,0.03567251461988304,0.0
35014,2011-05-02,51054,0.5630117130881028,0.17644063148822814,0.16067301288831434,0.0,0.09987464253535472,0.0
48021,2011-05-02,41282,0.7556804418390581,0.1427256431374449,0.05726466740952473,0.0,0.040889491788188556,0.0034397558257836347
11002,2011-05-02,18468,0.32705219839722766,0.2508122157244964,0.394845137535196,0.0,0.02257959714100065,0.004710851202079272
35015,2011-05-02,61250,0.5414204081632653,0.1885387755102041,0.2324081632653061,0.0,0.035346938775510206,0.002285714285714286
11001,2011-05-02,21130,0.38367250354945576,0.10241362991008045,0.4962612399432087,0.0,0.017652626597255087,0.0
48029,2011-05-02,47257,0.7936813593753307,0.11909346763442454,0.03535984087013564,0.0,0.05046871362972681,0.0013966184903823771
48028,2011-05-02,37254,0.7780641004992752,0.13037526171686262,0.03642561872550599,0.0,0.03859988189187738,0.016535137166478767
35092,2011-05-02,40390,0.40396137657836095,0.3744491210695717,0.19722703639514733,0.0,0.020945778658083683,0.0034166872988363457
59038,2011-05-02,36579,0.2782197435687143,0.5126438666994724,0.16175947948276334,0.0,0.03532081248803959,0.012056097761010416
35116,2011-05-02,44540,0.3355410866636731,0.49921418949259094,0.12941176470588237,0.0,0.03039964077233947,0.0054333183655141445
46010,2011-05-02,42682,0.6649172953469846,0.25059744154444497,0.04852162504100089,0.0,0.03472189681833091,0.001241741249238555
46014,2011-05-02,46619,0.41152748879212336,0.18348741929256313,0.3659023145069607,0.0,0.03219717282652996,0.006885604581822862
46011,2011-05-02,25955,0.27636293585051047,0.5366210749373916,0.11065305336158736,0.0,0.07050664611828164,0.005856289732228858
46002,2011-05-02,40418,0.5755851353357415,0.201246969172151,0.18390321144044733,0.0,0.03926468405166015,0.0
24018,2011-05-02,42716,0.14556606423822455,0.42981552579829574,0.09600618035396573,0.30831538533570557,0.020296844273808408,0.0
24019,2011-05-02,53778,0.3028747815091673,0.44994235561010076,0.06528692030198223,0.16281750901855777,0.01556398527278813,0.0035144482874037712
24014,2011-05-02,53254,0.08416269200435648,0.44845457618207085,0.0988094791001615,0.3419837007548729,0.02112517369587261,0.005464378262665715
24015,2011-05-02,37912,0.08216395864106352,0.3235914749947246,0.3847066891749314,0.19023000633044945,0.015535978054441865,0.0037718928043891115
24016,2011-05-02,52540,0.11907118385991626,0.42643700038066235,0.22055576703464028,0.21261895698515418,0.02131709173962695,0.0
12009,2011-05-02,46956,0.419733367407786,0.36076326774001194,0.1795510690859528,0.0,0.03995229576624926,0.0
24010,2011-05-02,58821,0.439468897162578,0.3381445402152293,0.05815950085853692,0.14887540164227062,0.01535166012138522,0.0
24011,2011-05-02,58707,0.07946241504420257,0.42597986611477334,0.09019367366753539,0.27408997223499754,0.015568841875755872,0.11470523106273528
24012,2011-05-02,48963,0.12719808835242938,0.4124134550579009,0.12072381185793354,0.31009129342564795,0.023364581418622226,0.006208769887466045
24013,2011-05-02,48325,0.0975685463010864,0.5003828246249353,0.10265907915157786,0.27844800827728916,0.020941541645111226,0.0
35108,2011-05-02,37350,0.17336010709504684,0.36457831325301204,0.3970281124497992,0.0,0.052021419009370816,0.013012048192771084
35109,2011-05-02,48086,0.14318096743334857,0.6079732146570728,0.1761843363972882,0.0,0.06461340098989311,0.008048080522397371
48009,2011-05-02,42063,0.6928416898461831,0.12783206143166204,0.11045336756769608,0.0,0.06747022323657371,0.001402657917885077
59032,2011-05-02,32579,0.35661008625188007,0.4002578348015593,0.17762976150280857,0.0,0.036403818410632616,0.029098499033119493
59033,2011-05-02,32471,0.2741831172430784,0.35283791691047395,0.3408579963659881,0.0,0.025992424009115826,0.00612854547134366
35100,2011-05-02,51586,0.5388089791803978,0.2043190012794169,0.19251347264761756,0.0,0.058543015546853795,0.005815531345713954
35101,2011-05-02,36969,0.20863426113770997,0.4963888663474803,0.24382590819335118,0.0,0.04168357272309232,0.009467391598366199
35102,2011-05-02,47550,0.621198738170347,0.17482649842271294,0.1789695057833859,0.0,0.021829652996845427,0.0031756046267087277
35103,2011-05-02,45441,0.28346647300895667,0.4991967606346691,0.17983759160229748,0.0,0.029906912259853435,0.007592262494223278
35104,2011-05-02,46114,0.6319122175478162,0.11491087305373639,0.22496421910916425,0.0,0.024743028147634124,0.003469662141648957
35105,2011-05-02,37259,0.27209533267130087,0.48645964733353014,0.21699455165194986,0.0,0.024450468343219088,0.0
35106,2011-05-02,37648,0.296483212919677,0.5015405864853378,0.16473650658733532,0.0,0.030200807479813005,0.007038886527836804
35107,2011-05-02,33706,0.3187563045155165,0.49937696552542576,0.15988251349908028,0.0,0.021984216459977453,0.0
10004,2011-05-02,10692,0.3980546202768425,0.19827908716797607,0.39066591844369625,0.0,0.013000374111485222,0.0
10005,2011-05-02,35843,0.25249002594648884,0.17838908573501103,0.5515721340289597,0.0,0.010350696091287002,0.007198058198253495
10006,2011-05-02,36859,0.20450907512412164,0.7065302911093627,0.07770151116416614,0.0,0.011259122602349495,0.0
10007,2011-05-02,38683,0.24212186231677998,0.46335599617402995,0.2870253082749528,0.0,0.007264172892485071,0.00023266034175219088
48034,2011-05-02,40013,0.7806962737110439,0.1288081373553595,0.028940594306850274,0.0,0.053357658760902704,0.0081973358658436
10001,2011-05-02,35623,0.3709401229542711,0.28532128119473377,0.33180810150745305,0.0,0.006316144064228167,0.005614350279313927
10002,2011-05-02,30857,0.30501993064782706,0.13941731211718572,0.5446414103769,0.0,0.008782448066889199,0.0021388987911981072
10003,2011-05-02,28778,0.30321773577038014,0.13621516436166517,0.5492042532490097,0.0,0.008791437903954409,0.0025714087149906178
59036,2011-05-02,43654,0.35373619828652586,0.24446786090621708,0.3009575296650937,0.0,0.09227104045448298,0.008567370687680397
59031,2011-05-02,33801,0.5391556462826543,0.22821810005621135,0.18600041418892932,0.0,0.0413893080086388,0.005236531463566166
59037,2011-05-02,50894,0.46025071717687743,0.41735764530200026,0.0636027822533108,0.0,0.051577789130349355,0.0072110661374621765
35089,2011-05-02,49530,0.506541490006057,0.23945083787603472,0.20692509590147384,0.0,0.03827983040581466,0.008802745810619827
35088,2011-05-02,46908,0.6167178306472244,0.13349535260509934,0.20862113072397032,0.0,0.041165686023705975,0.0
59034,2011-05-02,41564,0.26051390626503707,0.26347319795977286,0.3102444423058416,0.0,0.15080358002117217,0.014964873448176307
59003,2011-05-02,36527,0.3961726941714348,0.43997590823226657,0.11722835163030088,0.0,0.0360555205738221,0.01056752539217565
35081,2011-05-02,50945,0.15554028854647167,0.47199921483953283,0.3289233487093925,0.0,0.032701933457650406,0.010835214446952596
35080,2011-05-02,48804,0.5897672321940824,0.2544463568559954,0.09644701253995575,0.0,0.04323416113433325,0.016105237275633146
35083,2011-05-02,46401,0.5448373957457814,0.212516971616991,0.1797590569168768,0.0,0.04551626042542187,0.017370315294928988
12001,2011-05-02,38996,0.3261616576059083,0.20045645707252027,0.44096830444148116,0.0,0.03241358088009027,0.0
35085,2011-05-02,49100,0.45973523421588597,0.15745417515274948,0.3356822810590631,0.0,0.04517311608961303,0.001955193482688391
35084,2011-05-02,57384,0.49553882615363165,0.2499302941586505,0.2131430363864492,0.0,0.036717551930851806,0.004670291370416841
35087,2011-05-02,42531,0.43547059791681364,0.17032282335237828,0.3562107639133808,0.0,0.0379017657708495,9.404904657779032e-05
35086,2011-05-02,51398,0.5343009455620841,0.13430483676407642,0.12733958519786762,0.0,0.017062920736215417,0.1869917117397564
24069,2011-05-02,37229,0.13629160063391443,0.32302774718633326,0.42176797657739934,0.096457063042252,0.017674393617878537,0.004781218942222461
24068,2011-05-02,32466,0.19118462391424876,0.29067331978069366,0.42857142857142855,0.06431343559416004,0.020944988603462084,0.004312203536006899
35082,2011-05-02,46409,0.5573056950160529,0.24169880842078045,0.114848413023336,0.0,0.08136352862591308,0.0047835549139175594
62001,2011-05-02,7875,0.4990476190476191,0.19365079365079366,0.286984126984127,0.0,0.020317460317460317,0.0
24061,2011-05-02,53303,0.24660900887379697,0.32485976399076977,0.06962084685664972,0.33831116447479503,0.02059921580398852,0.0
24060,2011-05-02,58264,0.0745228614581903,0.5207160510778526,0.07919126733488947,0.308286420431141,0.01728339969792668,0.0
24063,2011-05-02,47698,0.08432219380267517,0.5511971151830265,0.06453100758941675,0.28198247305966706,0.017967210365214474,0.0
24062,2011-05-02,52440,0.10295575896262395,0.49117086193745235,0.11096491228070175,0.2712242562929062,0.02368421052631579,0.0
24065,2011-05-02,47272,0.10374005753934676,0.4898459976307328,0.13845405313927905,0.2426595024538839,0.023396513792519884,0.0019038754442376037
24064,2011-05-02,54127,0.04319470874055462,0.5107063018456592,0.09147006115247473,0.32758142886175107,0.016738411513662312,0.010309087885897981
24067,2011-05-02,52539,0.10664458782999296,0.47475208892441806,0.08839148061440073,0.3049734482955519,0.025238394335636384,0.0
24066,2011-05-02,51500,0.1574368932038835,0.5235533980582524,0.05405825242718447,0.2456504854368932,0.01930097087378641,0.0
35074,2011-05-02,52492,0.5112969595366913,0.37098986512230436,0.07662119942086414,0.0,0.035491122456755314,0.005600853463384897
35075,2011-05-02,64689,0.21629643370588508,0.5215415294717803,0.2011934022785945,0.0,0.050364049529286276,0.010604585014453771
35076,2011-05-02,64007,0.45177871170340744,0.13975033980658366,0.3797397159685659,0.0,0.028621869483025295,0.00010936303841767307
35077,2011-05-02,58971,0.3327906937308168,0.18161469196723815,0.4401146326160316,0.0,0.030303030303030304,0.015176951382883112
35070,2011-05-02,42209,0.3640929659551281,0.21130564571536875,0.36492217299628044,0.0,0.05967921533322277,0.0
35071,2011-05-02,55047,0.5336530601122677,0.2058422802332552,0.21092884262539285,0.0,0.04677820771340854,0.002797609315675695
35072,2011-05-02,58215,0.5164991840590913,0.1394314180194108,0.30730911277162243,0.0,0.03676028514987546,0.0
35073,2011-05-02,46840,0.5416097352690008,0.15508112724167378,0.2696840307429547,0.0,0.031020495303159694,0.002604611443210931
35078,2011-05-02,56219,0.2794428929721269,0.2868425265479642,0.38097440367135665,0.0,0.050570091961792275,0.002170084846759992
35079,2011-05-02,56602,0.4469276704003392,0.19778453058195825,0.3149005335500512,0.0,0.04033426380693262,5.300166071870252e-05
61001,2011-05-02,15577,0.3210502664184374,0.45836810682416385,0.18437439815112025,0.0,0.030622071002118507,0.005585157604159979
59042,2011-05-02,52062,0.457915562214283,0.21468633552303024,0.23808151818985057,0.0,0.07627444201144788,0.013042142061388345
59029,2011-05-02,55499,0.44770176039207915,0.39434944773779707,0.07106434350168471,0.0,0.08133479882520406,0.005549649543235014
48032,2011-05-02,50323,0.494584981022594,0.11223496214454623,0.06466228166047334,0.0,0.04065735349641317,0.2878604216759732
59028,2011-05-02,35400,0.34562146892655365,0.5522316384180791,0.03607344632768362,0.0,0.031949152542372884,0.03412429378531073
59008,2011-05-02,40286,0.5553293948269871,0.3096857469095964,0.082658988234126,0.0,0.04329047311721194,0.009035396912078638
59020,2011-05-02,56921,0.5535742520335202,0.264840744189315,0.07468245463010137,0.0,0.10683227631278439,7.027283427908856e-05
35098,2011-05-02,39379,0.31676782041189466,0.34866299296579395,0.2934051144010767,0.0,0.04065618730795602,0.0005078849132786511
35099,2011-05-02,55262,0.48432919546885744,0.17427888965292607,0.12666932069052875,0.0,0.055354493141761066,0.15936810104592666
59012,2011-05-02,34590,0.4782596126047991,0.3305868748193119,0.15663486556808326,0.0,0.02567215958369471,0.008846487424111016
35012,2011-05-02,28505,0.42017189966672513,0.19624627258375724,0.36081389229959654,0.0,0.015716540957726715,0.007051394492194352
35093,2011-05-02,37737,0.3414950843999258,0.17987651376633013,0.45568010175689644,0.0,0.022948300076847655,0.0
35090,2011-05-02,49000,0.3242040816326531,0.22626530612244897,0.399265306122449,0.0,0.044816326530612245,0.005448979591836735
35091,2011-05-02,49665,0.5257626094835397,0.2991241316822712,0.13955501862478606,0.0,0.025208899627504278,0.010349340581898722
35096,2011-05-02,35831,0.33376126817560214,0.3536881471351623,0.2886885657670732,0.0,0.016131282967262985,0.007730735954899389
35097,2011-05-02,40731,0.31590189290712234,0.3098622670693084,0.34754855024428566,0.0,0.023937541430360167,0.0027497483489234242
35094,2011-05-02,36811,0.3488631115699112,0.30659313792073023,0.3188720762815463,0.0,0.02567167422781234,0.0
35095,2011-05-02,34591,0.3468532277181926,0.26697695932467985,0.35792547194356916,0.0,0.02226012546616172,0.005984215547396722
59010,2011-05-02,47766,0.43057823556504626,0.4358330193024327,0.05807478122513922,0.0,0.07231084872084746,0.003203115186534355
24078,2011-05-02,47159,0.12765325812676265,0.4270234737801904,0.20352424775758604,0.21747704573888335,0.019254013019784133,0.005067961576793401
59039,2011-05-02,46531,0.3643377533257398,0.14446283123079237,0.43469944768004126,0.0,0.056499967763426535,0.0
59011,2011-05-02,45843,0.4795279541042253,0.2805662805662806,0.1857208297886264,0.0,0.04748816613223393,0.006696769408633815
24072,2011-05-02,53980,0.14649870322341607,0.5108743979251574,0.08995924416450538,0.2337347165616895,0.018932938125231568,0.0
24073,2011-05-02,52873,0.09203184990448811,0.43464528209104836,0.09800843530724566,0.353507461275131,0.01749475157452764,0.004312219847559246
24070,2011-05-02,55181,0.1712908428625795,0.41276888784182963,0.10929486598648086,0.28473568800855364,0.020296841304072055,0.0016128739964842971
24071,2011-05-02,54008,0.12683306176862688,0.43597244852614425,0.08135831728632795,0.3374870389571915,0.018349133461709376,0.0
24076,2011-05-02,56907,0.13149524663046724,0.4969511659374066,0.10028643224910819,0.24206160929235418,0.01896076053912524,0.010244785351538475
24077,2011-05-02,40077,0.1190707887316915,0.41487636300122266,0.2748209696334556,0.16029143897996356,0.02789629962322529,0.0030441400304414
24074,2011-05-02,55480,0.17609949531362654,0.43500360490266765,0.12388248017303533,0.23664383561643837,0.028370583994232156,0.0
24075,2011-05-02,49720,0.08067176186645213,0.5154062751407884,0.06920756234915527,0.3077835880933226,0.026930812550281576,0.0
35001,2011-05-02,44166,0.442308563148123,0.149979622333922,0.3793415749671693,0.0,0.027170221437304715,0.001200018113480958
59013,2011-05-02,55994,0.5228953102118085,0.36936100296460334,0.053595028038718434,0.0,0.05084473336428903,0.0033039254205807765
35003,2011-05-02,39263,0.5150650739882332,0.15951404630313526,0.27865929755749685,0.0,0.03474008608613707,0.01202149606499758
35002,2011-05-02,39174,0.32503701434625004,0.49931076734568847,0.144534640322663,0.0,0.03083677949660489,0.0002807984887935876
35005,2011-05-02,44877,0.5454241593689417,0.20016935178376452,0.1693740668939546,0.0,0.060922075896338884,0.024110346057000246
35004,2011-05-02,41175,0.6126533090467516,0.20272009714632666,0.12514875531268974,0.0,0.05321190042501518,0.006265938069216758
35007,2011-05-02,48669,0.22739320717499845,0.4163841459656044,0.3075263514762991,0.0,0.046025190573054715,0.002671104810043354
35006,2011-05-02,50007,0.5180274761533386,0.23012778211050453,0.20881076649269104,0.0,0.03773471713960046,0.005299258103865459
35009,2011-05-02,28625,0.2948471615720524,0.3764192139737991,0.30655021834061136,0.0,0.017013100436681222,0.005170305676855895
35008,2011-05-02,34796,0.46401885274169447,0.23203816530635704,0.25356362800321874,0.0,0.044487872169214855,0.005891481779514887
48033,2011-05-02,43608,0.7748348926802422,0.1297239038708494,0.05469179966978536,0.0,0.039946798752522474,0.0008026050266006237
59023,2011-05-02,43458,0.4648626259837084,0.4045515210087901,0.08527773942657278,0.0,0.042546826821298726,0.0027612867596299878
59015,2011-05-02,52801,0.5008996041741633,0.38843961288611956,0.03484782485180205,0.0,0.06427908562337835,0.011533872464536656
